Tên sản phẩm,Giá bán cũ,Giá mới,Kích thước màn hình,CPU,Hệ điều hành,Bộ nhớ trong,RAM,Camera chính,Dung lượng pin,Màu sắc,Thẻ sim,Hãng sản xuất,Tình trạng SP,Thương hiệu,Camera phụ,Tính năng màn hình,Độ phân giải màn hình,Tính năng đặc biệt,Tình trạng sản phẩm,Tinh trạng,Tình trạng máy,Sạc nhanh,Thẻ nhớ,Cảm biến,Công nghệ sạc,Màn Hinh Phụ,Màn hình,Jack tai nghe,Chất liệu,Cổng kết nối/sạc,Danh bạ,Công nghệ màn hình,Thương hiệu sản phẩm,Chống nước,Tính năng khác,#NAME?,#NAME?,Nhôm,Cao Su,Có,Khả năng kết nối,Phụ kiện đi kèm,Quay Phim,Mặt kính cảm ứng,Camera ngoài,GPU
iPhone 15 Pro Max 256GB cũ đẹp 99%,25.490.000 ₫,29.990.000 ₫,,,,,,,,,,,,,,,,,,,,,,,,,,,,,,,,,,,,,,,,,,,,
iPhone 15 Pro 128GB cũ đẹp 99%,20.190.000 ₫,26.990.000 ₫,,,,,,,,,,,,,,,,,,,,,,,,,,,,,,,,,,,,,,,,,,,,
iPhone 15 Plus 128GB Cũ đẹp 99%,18.290.000 ₫,23.990.000 ₫,,,,,,,,,,,,,,,,,,,,,,,,,,,,,,,,,,,,,,,,,,,,
iPhone 14 Pro Max 128GB cũ đẹp 99%,21.290.000 ₫,33.990.000 ₫,6.7 inches,Apple A16 Bionic,iOS 16,128GB,6GB,Camera chính: 48MP Camera góc siêu rộng: 12MP Camera tele: 12MP,"4,352mAh","Space Black,Deep Purple,Silver,Gold","1 Nano SIM & 1 eSIM, Hỗ trợ 5G",Apple,new,Apple,,,,,,,,,,,,,,,,,,,,,,,,,,,,,,,,
iPhone 14 Pro Max 256GB cũ đẹp 99%,22.290.000 ₫,33.990.000 ₫,6.7 inches,Apple A16 Bionic,iOS 16,128GB,6GB,Camera chính: 48MP Camera góc siêu rộng: 12MP Camera tele: 12MP,"4,352mAh","Space Black,Deep Purple,Silver,Gold","1 Nano SIM & 1 eSIM, Hỗ trợ 5G",Apple,new,Apple,,,,,,,,,,,,,,,,,,,,,,,,,,,,,,,,
iPhone 14 Pro 128GB cũ đẹp 99%,17.990.000 ₫,31.990.000 ₫,6.1 inch,Apple A16 Bionic,iOS 16,128GB,6GB,Camera chính: 48MP Camera góc siêu rộng: 12MP Camera tele: 12MP,"3,200mAh","Space Black,Deep Purple,Silver,Gold","2 Nano SIM (SIM 2 chung khe thẻ nhớ), Hỗ trợ 5G",Apple,new,,,,,,,,,,,,,,,,,,,,,,,,,,,,,,,,,
iPhone 14 Plus 128GB cũ đẹp 99%,14.490.000 ₫,31.990.000 ₫,6.7 inches,Apple A15 Bionic,iOS 16,256 GB,6 GB,Camera chính 12MP Camera góc siêu rộng 12MP,,"Black,Aura Red,Starlight,Aura Blue,Purple",,Apple,new,,12MP khẩu độ f/1.9,,,,,,,,,,,,,,,,,,,,,,,,,,,,,,,
iPhone 14 128GB Cũ đẹp 99%,12.490.000 ₫,17.990.000 ₫,"6,1 inches",Apple A15 Bionic,iOS 16,128GB,6 GB,Camera góc rộng: 12MP Camera góc siêu rộng: 12MP,"3,279mAh","Black,Purple,Starlight,Red,Blue",,Apple,new,,,Tần số quét 60Hz,,,,,,,,,,,,,,,,,,,,,,,,,,,,,,
iPhone 13 Pro Max 128GB Cũ đẹp 99%,15.990.000 ₫,27.490.000 ₫,6.7 inches,Apple A15,IOS 15,128 GB,,"Camera tele : 12MP, /2.8","4,325mAh","Black,Blue,Gold,Silver,Green",1 nano SIM + 1 eSIM,,used,,"12MP, ƒ/2.2",,2778 x 1284 pixel,"Hỗ trợ 5G, Kháng nước, kháng bụi, Sạc không dây, Nhận diện khuôn mặt",,,,,,,,,,,,,,,,,,,,,,,,,,,,
iPhone 13 Pro 128GB cũ đẹp 99%,14.190.000 ₫,20.590.000 ₫,"6,1 inches",Apple A15,IOS 15,128 GB,,"Camera tele : 12MP, /2.8","3,095mAh","Green,Black,Blue,Gold,Silver",1 nano SIM + 1 eSIM,,used,,12 MP,,1170 x 2532 pixels,,,,,,,,,,,,,,,,,,,,,,,,,,,,,
iPhone 12 Pro Max 128GB cũ đẹp 99%,13.490.000 ₫,Liên hệ,6.7 inches,Apple A14 Bionic (5nm),iOS 14,128 GB,6 GB,Cảm biến LiDAR,Li-Ion 3687 mAh,"Graphite Black,Pacific Blue,Gold,Silver",1 nano SIM + 1 eSIM,,used,,12 MP,,1284 x 2778 pixels,,Used,,,,,,,,,,,,,,,,,,,,,,,,,,,
iPhone 12 Pro Max 256GB cũ đẹp 99%,14.190.000 ₫,33.990.000 ₫,6.7 inches,Apple A14 Bionic (5nm),iOS 14,256 GB,6 GB,Cảm biến LiDAR,Li-Ion 3687 mAh,"Graphite Black,Pacific Blue,Gold,Silver",1 nano SIM + 1 eSIM,,used,Apple,12 MP,,1284 x 2778 pixels,,Used,,,,,,,,,,,,,,,,,,,,,,,,,,,
iPhone 12 Pro 128GB Cũ đẹp 99%,10.290.000 ₫,32.990.000 ₫,6.1 inch,Apple A14 Bionic (5nm),iOS 14,128 GB,6 GB,Cảm biến LiDAR,Li-Ion 2815 mAh,"Graphite Black,Pacific Blue,Gold,Silver",,,used,,12 MP,,1170 x 2532 pixels,,,Used,,,,,,,,,,,,,,,,,,,,,,,,,,
iPhone 12 64GB cũ đẹp 99%,7.990.000 ₫,24.990.000 ₫,6.1 inch,Apple A14 Bionic (5nm),iOS 14,64 GB,4 GB,Dual 12 MP,Li-Ion 2815 mAh,"Blue,Black,Green,Red,White,Purple",1 nano SIM + 1 eSIM,,used,,12 MP,,1170 x 2532 pixels,,,,Đã qua sử dụng,,,,,,,,,,,,,,,,,,,,,,,,,
Samsung Galaxy S24 (5G) Cũ Đẹp 99%,11.990.000 ₫,22.990.000 ₫,6.2 inches,Snapdragon 8 Gen 3,"Android 14, One UI 6.1",128GB,8GB,50MP - 10MP - 12MP,4000 mAh,"Black, Purple, Gray, Yellow",,Samsung,New,,12MP,,1080 x 2340 pixels,,,,,25W,,,,,,,,,,,,,,,,,,,,,,,,
iPhone 11 Pro Max 64GB cũ đẹp 99%,9.290.000 ₫,20.400.000 ₫,"6.5""",Apple A13 Bionic (7 nm+),iOS 13,64 GB,4 GB,Triple 12Mp + 12Mp + 12Mp,Li-Ion 3969mAh,"Space Gray,Silver,Gold,Midnight Green",1 nano SIM + 1 eSIM,,used,,12 MP,,1242 x 2688 Pixels,,,,,,,,,,,,,,,,,,,,,,,,,,,,,
Samsung Galaxy S24 Plus (5G) Cũ Đẹp 99%,15.790.000 ₫,26.990.000 ₫,6.7 inches,Snapdragon 8 Gen 3,"Android 14, One UI 6.1",256GB,12GB,50MP - 10MP - 12MP,4900 mAh,"Black, Purple, Gray, Yellow, Orange, Blue, Green",,Samsung,New,,12MP,,1440 x 3088 pixels,,,,,45W,,,,,,,,,,,,,,,,,,,,,,,,
iPhone 11 Pro 64GB cũ đẹp 99%,7.590.000 ₫,17.990.000 ₫,5.8 inches,Apple A13 Bionic (7 nm+),iOS 13,64 GB,4 GB,Triple 12Mp + 12Mp + 12Mp,Li-Ion 3190mAh,"Space Gray,Silver,Gold,Midnight Green",1 nano SIM + 1 eSIM,,used,,12 MP,,1125 x 2436 pixels,,,,,,,,,,,,,,,,,,,,,,,,,,,,,
iPhone 11 64GB cũ đẹp 99%,6.490.000 ₫,Liên hệ,6.1 inch,Apple A13 Bionic (7 nm+),iOS 13,64 GB,4 GB,Dual 12 MP,Li-Ion 3110mAh,"Black,Red,Yellow,White,Green,Purple",1 nano SIM + 1 eSIM,,used,,12 MP,,828 x 1792 pixels,,,,,,,,,,,,,,,,,,,,,,,,,,,,,
Samsung Galaxy S22 Ultra (5G) 8GB 128GB Cũ đẹp 99%,11.490.000 ₫,30.990.000 ₫,"6,8 inches",Snapdragon 8 Gen 1 8 nhân,"Android 12, One UI 4",128 GB,8Gb,4 cam (108MP + 12MP + 10MP + 10 MP),Li-Po 5000mAh,"White,Black,Burgundy,Green",1 Nano SIM & 1 eSIM,,,Samsung,40 MP,,Quad HD+,,,,New,Sạc nhanh 45W,,,,,,,,,,,,,,,,,,,,,,,,
iPhone 11 Pro Max 256GB cũ đẹp 99%,10.290.000 ₫,23.990.000 ₫,"6.5""",Apple A13 Bionic (7 nm+),iOS 13,256 GB,4 GB,Triple 12Mp + 12Mp + 12Mp,Li-Ion 3969mAh,"Space Gray,Silver,Gold,Midnight Green",1 nano SIM + 1 eSIM,,used,,12 MP,,1242 x 2688 Pixels,,,,,,,,,,,,,,,,,,,,,,,,,,,,,
Samsung Galaxy S23 (5G) Cũ Đẹp 99%,9.690.000 ₫,24.990.000 ₫,6.1 inch,Qualcomm SM8550 Snapdragon 8 Gen 2 (4 nm),,128 GB,8Gb,50MP - 10MP - 12MP,3900 mAh,"Green,Lavender,Cream,Aura Black",,,new,Samsung,12MP,,1080 x 2340 pixels,,,,,Sạc nhanh 25W,,,,,,,,,,,,,,,,,,,,,,,,
iPhone Xs MAX 64GB cũ đẹp 99%,7.290.000 ₫,12.990.000 ₫,"6.5""",Apple A12 Bionic 6 nhân,iOS 12,64 GB,4 GB,Dual 12 MP,Li-Ion 3174 mAh,"Black,Silver White,Gold",,,used,,7.0 MP,,1242 x 2688 Pixels,,,,,,,,,,,,,,,,,,,,,,,,,,,,,
Samsung Galaxy S23 FE Cũ Đẹp 99%,8.290.000 ₫,Liên hệ,6.4 inches,Snapdragon 8 Gen 1 (4 nm),"Android 13, upgradable to Android 14, One UI 6",128GB,8GB,50MP - 8MP - 12MP,Li-Ion 4500 mAh,,,Samsung,,,10MP,,1080 x 2340 pixels,,,,,25W,,,,,,,,,,,,,,,,,,,,,,,,
iPhone Xs 64Gb cũ đẹp 99%,5.290.000 ₫,Liên hệ,5.8 inches,,iOS 12,64 GB,4GB,Dual 12 MP,2658mAh,"Silver White,Black,Gold",1 nano SIM,,used,Apple,,,1125 x 2436 pixels,,,,,,,,,,,,,,,,,,,,,,,,,,,,,
iPhone 13 128GB Cũ đẹp 99%,11.190.000 ₫,24.490.000 ₫,"6,1 inches",Apple A15,IOS 15,128 GB,,"Camera góc siêu rộng: 12MP, ƒ/2.4",3240mAh,"Green,Black,Blue,Pink,Red,Silver",1 nano SIM + 1 eSIM,,new,,12 MP,,2532 x 1170 pixels,,,,,,,,,,,,,,,,,,,,,,,,,,,,,
iPhone XR 64GB cũ đẹp 99%,5.190.000 ₫,11.190.000 ₫,"IPS LCD , 6.1 inches",Apple A12 Bionic 6 nhân,iOS 12,64 GB,3 GB,12 MP,Li-Ion 2942 mAh,"Orange,Royal Blue,Silver White,Black,Red,Gold",,,used,Apple,7.0 MP,,828 x 1792 pixels,,,,,,,,,,,,,,,,,,,,,,,,,,,,,
Samsung Galaxy S21 Ultra (5G) 12GB 128GB Cũ đẹp 99%,8.290.000 ₫,Liên hệ,6.8 inches,Qualcomm SM8350 Snapdragon 888 5G (5 nm),"Android 11, One UI 3.1",128GB,12 GB,"108 MP, 12MP và 10MP+ 10MP+ 0.3 MP",5.000 mAh,"Black,Copper,Silver",1 Nano SIM & 1 eSIM,,used,,40MP,,,,,,,,,,,,,,,,,,,,,,,,,,,,,,,
Samsung Galaxy S21 (5G) 8GB 128GB Cũ đẹp 99%,5.890.000 ₫,Liên hệ,6.2 inches,Qualcomm SM8350 Snapdragon 888 5G,OneUI 3.1,128 GB,8 GB,Triple Camera (64MP + 12MP + 12MP),Li-Po 4000mAH,"Black,Silver,Violet,Rose Pink",,,used,,10MP (ToF),,Full HD+ (1080 x 2400 Pixels),,,,,Sạc nhanh 25W,microSDXC,,,,,,,,,,,,,,,,,,,,,,,
Samsung Galaxy S21 Plus (5G) 8GB 128GB Cũ đẹp 99%,6.790.000 ₫,25.990.000 ₫,6.7 inches,Qualcomm SM8350 Snapdragon 888 5G,OneUI 3.1,128 GB,8 GB,Triple Camera (64MP + 12MP + 12MP),Li-Po 4800mAh,"Black,Silver,Violet",1 nano SIM,,used,,10MP (ToF),,Full HD+ (1080 x 2400 Pixels),,,,,Sạc nhanh 25W,microSDXC,,,,,,,,,,,,,,,,,,,,,,,
iPhone 14 Pro Max Lock 128GB,16.590.000 ₫,33.990.000 ₫,6.7 inches,Apple A16 Bionic,iOS 16,128GB,6GB,Camera chính: 48MP Camera góc siêu rộng: 12MP Camera tele: 12MP,"4,352mAh","Space Black,Deep Purple,Silver,Gold","1 Nano SIM & 1 eSIM, Hỗ trợ 5G",Apple,new,Apple,,,,,,,,,,,,,,,,,,,,,,,,,,,,,,,,
iPhone 8 64GB cũ đẹp 99%,3.190.000 ₫,6.490.000 ₫,4.7 inches,Apple A11 Bionic 6 nhân,iOS 12,64 GB,2GB,12 MP,Li-Lon 1821 mAh,"Black,Gold,Silver White,Red",1 nano SIM,,used,Apple,7.0 MP,,HD (750 x 1334 Pixels),,,,,,,"Fingerprint (front-mounted), accelerometer, gyro, proximity, compass, barometer",,,,,,,,,,,,,,,,,,,,,,
iPhone 8 128GB cũ đẹp 99%,3.390.000 ₫,6.490.000 ₫,4.7 inches,Apple A11 Bionic 6 nhân,iOS 12,64 GB,2GB,12 MP,Li-Lon 1821 mAh,"Black,Gold,Silver White,Red",1 nano SIM,,used,Apple,7.0 MP,,HD (750 x 1334 Pixels),,,,,,,"Fingerprint (front-mounted), accelerometer, gyro, proximity, compass, barometer",,,,,,,,,,,,,,,,,,,,,,
iPhone 8 Plus 64GB cũ đẹp 99%,4.190.000 ₫,8.490.000 ₫,5.5 inches,Apple A11 Bionic,,64 GB,3 GB,Dual 12 MP,Li-Ion 2691 mAh,"Red,Gold,Black,Silver White",1 nano SIM,,used,Apple,7.0 MP,,1920 x 1080 pixel (~401 ppi),,,,,,,"Fingerprint (front-mounted), accelerometer, gyro, proximity, compass, barometer",,,,,,,,,,,,,,,,,,,,,,
iPhone 12 128GB cũ đẹp 99%,8.590.000 ₫,19.990.000 ₫,6.1 inch,Apple A14 Bionic (5nm),iOS 14,128GB,4 GB,Dual 12 MP,Li-Ion 2815 mAh,"Blue,Black,Green,Red,White,Purple",,,used,Apple,12 MP,,1170 x 2532 pixels,,,,,,,,,,,,,,,,,,,,,,,,,,,,,
iPhone 11 Pro 256GB cũ đẹp 99%,8.490.000 ₫,18.990.000 ₫,5.8 inches,Apple A13 Bionic (7 nm+),iOS 13,256 GB,4 GB,Triple 12Mp + 12Mp + 12Mp,Li-Ion 3190mAh,"Space Gray,Silver,Gold,Midnight Green",1 nano SIM + 1 eSIM,,used,,12 MP,,1125 x 2436 pixels,,,,,,,,,,,,,,,,,,,,,,,,,,,,,
iPhone 13 Lock 128GB Cũ đẹp 99%,8.390.000 ₫,24.490.000 ₫,"6,1 inches",Apple A15,IOS 15,128 GB,,"Camera góc siêu rộng: 12MP, ƒ/2.4",3240mAh,"Black,Green,Blue,Pink,Red,Silver",1 nano SIM + 1 eSIM,,new,,12 MP,,2532 x 1170 pixels,,,,,,,,,,,,,,,,,,,,,,,,,,,,,
iPhone 11 128Gb cũ đẹp 99%,7.490.000 ₫,15.790.000 ₫,6.1 inch,Apple A13 Bionic (7 nm+),iOS 13,128 GB,4 GB,Dual 12 MP,Li-Ion 3110mAh,"Red,Black,Yellow,White,Green,Purple",1 nano SIM + 1 eSIM,,used,Apple,12 MP,,828 x 1792 pixels,,,,,,,,,,,,,,,,,,,,,,,,,,,,,
iPhone Xs 256Gb cũ đẹp 99%,5.690.000 ₫,7.490.000 ₫,5.8 inches,,iOS 12,256 GB,4GB,Dual 12 MP,2658mAh,"Silver White,Black,Gold",1 nano SIM,,used,Apple,,,1125 x 2436 pixels,,,,,,,,,,,,,,,,,,,,,,,,,,,,,
Samsung Galaxy S21 FE (5G) 128GB Cũ đẹp 99%,5.190.000 ₫,16.990.000 ₫,6.4 inches,Snapdragon 888,"Android 12, One UI 4",128GB,6GB,"Camera góc rộng: 12 MP, f/1.8, PDAF, OIS Camera tele: 8 MP, f/2.4, 3x optical zoom Camera góc siêu rộng: 12 MP, f/2.2",4500 mAh,"Black,Green,Violet,White",1 SIM (Nano-SIM),,new,Samsung,"32 MP, f/2.2",,1080 x 2400 pixels (FullHD+),,,,New,,,,"Sạc nhanh: 25WSạc nhanh không dây 15WSạc không dây ngược 4,5W",,,,,,,,,,,,,,,,,,,,,
iPhone Xs MAX 256GB cũ đẹp 99%,7.990.000 ₫,15.390.000 ₫,"6.5""",Apple A12 Bionic 6 nhân,iOS 12,256 GB,4 GB,Dual 12 MP,Li-Ion 3174 mAh,"Black,Gold,Silver White",,,used,Apple,7.0 MP,,1242 x 2688 Pixels,,,,,,,,,,,,,,,,,,,,,,,,,,,,,
Apple iPhone 7 32GB cũ 99%,2.590.000 ₫,4.290.000 ₫,4.7 inches,Apple A10 Fusion,iOS 10,32 GB,2GB,12 MP,Li-Po 1960 mAh,"Jet Black,Rose,Silver White,Black,Gold",1 nano SIM,,,,7.0 MP,,750 x 1334 pixel (~326 ppi),,,,,,,"Fingerprint (front-mounted), accelerometer, gyro, proximity, compass",,,,,,,,,,,,,,,,,,,,,,
iPhone 13 Pro 256GB cũ đẹp 99%,14.590.000 ₫,20.590.000 ₫,"6,1 inches",Apple A15,IOS 15,256 GB,,"Camera tele : 12MP, /2.8","3,095mAh","Green,Black,Blue,Gold,Silver",1 nano SIM + 1 eSIM,,used,,12 MP,,1170 x 2532 pixels,,,,,,,,,,,,,,,,,,,,,,,,,,,,,
iPhone XR 128GB cũ đẹp 99%,5.790.000 ₫,11.490.000 ₫,"IPS LCD , 6.1 inches",Apple A12 Bionic 6 nhân,iOS 12,128 GB,3 GB,12 MP,Li-Ion 2942 mAh,"Orange,Royal Blue,Silver White,Black,Red,Gold",,,used,Apple,7.0 MP,,828 x 1792 pixels,,,,,,,,,,,,,,,,,,,,,,,,,,,,,
iPhone X 256GB cũ đẹp 99%,5.390.000 ₫,12.190.000 ₫,5.8 inches,Apple A11 Bionic,Apple iOS,256 GB,3 GB,Dual 12 MP,Li-Ion 2716 mAh,"Dark Grey,Silver White",1 nano SIM,,,Apple,7.0 MP,,"OLED, Super Retina",,,,Đã qua sử dụng,,,,,,,,,,,,,,,,,,,,,,,,,
iPhone 13 Pro Max 256GB Cũ đẹp 99%,16.990.000 ₫,34.990.000 ₫,6.7 inches,Apple A15,IOS 15,128 GB,,"Camera tele : 12MP, /2.8","4,325mAh","Black,Blue,Gold,Silver,Green",1 nano SIM + 1 eSIM,,used,,"12MP, ƒ/2.2",,2778 x 1284 pixel,"Hỗ trợ 5G, Kháng nước, kháng bụi, Sạc không dây, Nhận diện khuôn mặt",,,,,,,,,,,,,,,,,,,,,,,,,,,,
iPhone 13 256GB Cũ đẹp 99%,12.790.000 ₫,24.490.000 ₫,"6,1 inches",Apple A15,IOS 15,128 GB,,"Camera góc siêu rộng: 12MP, ƒ/2.4",3240mAh,"Green,Black,Blue,Pink,Red,Silver",1 nano SIM + 1 eSIM,,new,,12 MP,,2532 x 1170 pixels,,,,,,,,,,,,,,,,,,,,,,,,,,,,,
iPhone 14 Lock 128GB,9.990.000 ₫,21.490.000 ₫,,,,,,,,,,,,,,,,,,,,,,,,,,,,,,,,,,,,,,,,,,,,
iPhone 14 Plus 256GB cũ đẹp 99%,15.690.000 ₫,31.990.000 ₫,6.7 inches,Apple A15 Bionic,iOS 16,256 GB,6 GB,Camera chính 12MP Camera góc siêu rộng 12MP,,"Black,Aura Red,Starlight,Aura Blue,Purple",,Apple,new,,12MP khẩu độ f/1.9,,,,,,,,,,,,,,,,,,,,,,,,,,,,,,,
iPhone 15 Plus 256GB Cũ đẹp 99%,20.390.000 ₫,23.990.000 ₫,,,,,,,,,,,,,,,,,,,,,,,,,,,,,,,,,,,,,,,,,,,,
Apple iPhone 7 plus 128GB cũ 99%,3.690.000 ₫,5.990.000 ₫,5.5 inches,Apple A10 Fusion,iOS 10,32 GB,3 GB,12 MP,Li-Ion 2900 mAh,"Jet Black,Rose,Silver White,Black,Gold",1 nano SIM,,,Apple,7.0 MP,,1920 x 1080 pixel (~401 ppi),,,,Đã qua sử dụng,,,"Fingerprint (front-mounted), accelerometer, gyro, proximity, compass",,,,,,,,,,,,,,,,,,,,,,
Apple iPhone Xs 512Gb cũ 99%,6.390.000 ₫,13.490.000 ₫,5.8 inches,,iOS 12,512GB,4GB,Dual 12 MP,2658mAh,"Silver White,Black,Gold",1 nano SIM,,,Apple,,,1125 x 2436 pixels,,,,Đã qua sử dụng,,,,,,,,,,,,,,,,,,,,,,,,,
Samsung Galaxy S20 FE (5G) 128GB cũ ( 2 sim Vật Lý),4.690.000 ₫,Liên hệ,6.5 inches,Snapdragon 865,"Android 10, One UI 2.5",128GB,6GB,"Camera chính: 12 MP, f/1.8 Camera tele: 8 MP, f/2.0, zoom quang 3x Camera góc siêu rộng: 12 MP, f/2.2","Li-Po 4500 mAh, sạc nhanh 25W, sạc không dây cho các thiết bị ngoại vi 5.4W","Xanh Dương,Xanh Lá,Cam",1 nano SIM,,,,"32 MP, f/2.0, AF",,,,,,,,,,,,,,,,,,,,,,,,,,,,,,,
iPhone 15 128GB cũ đẹp 99%,15.390.000 ₫,20.990.000 ₫,,,,,,,,,,,,,,,,,,,,,,,,,,,,,,,,,,,,,,,,,,,,
iPhone 15 256GB cũ đẹp 99%,16.790.000 ₫,20.990.000 ₫,,,,,,,,,,,,,,,,,,,,,,,,,,,,,,,,,,,,,,,,,,,,
Samsung Galaxy Z Flip5 Cũ đẹp 99%,10.490.000 ₫,25.990.000 ₫,6.7 inches,Snapdragon 8 Gen 2 for Galaxy,"Android 13, One UI 5.1",256 GB,8Gb,12MP - 12MP,3700 mAh,"Ocean Green,Lavender,Graphite Black,Cream",,Samsung,new,,10 MP,,1080 x 2640 pixels,,,,,Sạc nhanh 25W,,,,"3,4 inchs",,,,,,,,,,,,,,,,,,,,
Samsung Galaxy S22 128GB cũ đẹp 99%,6.990.000 ₫,21.990.000 ₫,6.1 inch,Snapdragon 8 Gen 1 8 nhân,"Android 12, One UI 4",128 GB,8Gb,50MP – 10MP – 12MP,Li-Po 3700mAh,"Rose Gold,Aura White,Mystic Green,Aura Black",2 nano SIM,,,Samsung,10 MP,,1080 x 2340 pixels (Full HD+),,,,New,Sạc nhanh 45W,,,,,,,,,,,,,,,,,,,,,,,,
Samsung Galaxy S22 Plus (5G) 128GB cũ đẹp 99%,8.190.000 ₫,14.990.000 ₫,6.6 inches,Snapdragon 8 Gen 1 8 nhân,"Android 12, One UI 4",128 GB,8Gb,50MP – 10MP – 12MP,4500 mAh,"Green,Black,White,Pink Gold",1 Nano SIM & 1 eSIM,,,Samsung,10 MP,,1080 x 2340 pixels (Full HD+),,,,New,Sạc nhanh 25W,,,,,,,,,,,,,,,,,,,,,,,,
Samsung Galaxy S20 Plus 8G 128GB cũ ( 2 sim vật lý),5.490.000 ₫,7.890.000 ₫,6.7 inches,Exynos 990,Android 10,128 GB,8 GB,Triple Camera (64MP + 12MP + 12MP),Li-Ion 4500mAh,"Aura Blue,Mountain Gray,Aura Black,Red,Aura White",,,used,,10MP (ToF),,1440 x 3200 pixels,,,,,,Hỗ trợ thẻ nhớ 1TB,,,,,,,,,,,,,,,,,,,,,,,
Samsung Galaxy S22 Ultra (5G) 12GB 256GB cũ đẹp 99%,12.190.000 ₫,30.990.000 ₫,"6,8 inches",Snapdragon 8 Gen 1 8 nhân,"Android 12, One UI 4",256 GB,12 GB,4 cam (108MP + 12MP + 10MP + 10 MP),Li-Po 5000mAh,"White,Black,Burgundy,Green",1 Nano SIM & 1 eSIM,,,Samsung,40 MP,,Quad HD+,,,,New,Sạc nhanh 45W,,,,,,,,,,,,,,,,,,,,,,,,
iPhone 12 Pro 256GB cũ đẹp 99%,11.290.000 ₫,Liên hệ,6.1 inch,Apple A14 Bionic (5nm),iOS 14,256 GB,6 GB,Cảm biến LiDAR,Li-Ion 2815 mAh,"Graphite Black,Pacific Blue,Gold,Silver",,,used,Apple,12 MP,,1170 x 2532 pixels,,,,,,,,,,,,,,,,,,,,,,,,,,,,,
iPhone 14 Pro 256GB cũ đẹp 99%,19.490.000 ₫,29.990.000 ₫,6.1 inch,Apple A16 Bionic,iOS 16,1 TB,6GB,Camera chính: 48MP Camera góc siêu rộng: 12MP Camera tele: 12MP,"3,200mAh","Deep Purple,Space Black,Silver,Gold","2 Nano SIM (SIM 2 chung khe thẻ nhớ), Hỗ trợ 5G",Apple,new,,,,,,,,,,,,,,,,,,,,,,,,,,,,,,,,,
iPhone 14 Pro 128GB Lock,14.990.000 ₫,31.990.000 ₫,,,,,,,,,,,,,,,,,,,,,,,,,,,,,,,,,,,,,,,,,,,,
Sony Xperia 1 III (Mark 3) 12GB|256GB Nhật Cũ 99%,7.990.000 ₫,15.990.000 ₫,6.5 inches,Qualcomm SM8350 Snapdragon 888 5G (5 nm),,256 GB,12 GB,"12 MP, f/2.2, 124˚, 16mm (ultrawide), 1/2.6"", Dual Pixel PDAF 0.3 MP, TOF 3D, (depth)",4500 mAh,"Purple,Black,Gray",1 micro SIM,,used,,"1080p@30fps, 5-axis gyro-EIS",,,,,,,,,,,,,,,,,,,,,,,,,,,,,,,
iPhone X 64GB cũ đẹp 99%,4.690.000 ₫,9.490.000 ₫,5.8 inches,Apple A11 Bionic,Apple iOS,64 GB,3 GB,Dual 12 MP,Li-Ion 2716 mAh,"Dark Grey,Silver White",1 nano SIM,,,Apple,7.0 MP,,"OLED, Super Retina",,,,Đã qua sử dụng,,,,,,,,,,,,,,,,,,,,,,,,,
iPhone 12 mini 64GB cũ đẹp 99%,6.190.000 ₫,Liên hệ,,,,,,,,,,,,,,,,,,,,,,,,,,,,,,,,,,,,,,,,,,,,
iPhone Xs MAX 512GB cũ đẹp 99%,8.090.000 ₫,15.890.000 ₫,"6.5""",Apple A12 Bionic 6 nhân,iOS 12,512 GB,4 GB,Dual 12 MP,Li-Ion 3174 mAh,"Black,Silver White,Gold",,,used,Apple,7.0 MP,,1242 x 2688 Pixels,,,,,,,,,,,,,,,,,,,,,,,,,,,,,
Điện thoại Sony Xperia 5 II ( Mark2) cũ 99%,4.190.000 ₫,6.990.000 ₫,,Snapdragon 865,,128 GB,8 GB,"Chính 12 MP & Phụ 12 MP, 12 MP",4000 mAh,"Black,Blue,Gray,Purple","1-2 SIM, Nano SIM",Sony,used,,8 MP,,,,,,,,MicroSD,,,,"OLED6.1"", Full HD+",3.5 mm,Khung nhôm & Mặt lưng kính cường lực,Type-C,Không giới hạn,,,,,,,,,,,,,,,
Samsung Galaxy S20 (5G) 12GB 128GB Cũ,4.990.000 ₫,11.990.000 ₫,6.2 inches,Qualcomm SM8250 Snapdragon 865 5G,Android 10,128 GB,8 GB,Triple Camera (64MP + 12MP + 12MP),Li-Ion 4000 mAh,"Aura Black,Pink Mist,Aura White,Aura Blue",1 nano SIM + 1 eSIM,,used,,10MP (ToF),,1440 x 3200 pixels,,,,,,Hỗ trợ thẻ nhớ 1TB,,,,,,,,,,,,,,,,,,,,,,,
iPhone 12 Pro 512GB cũ đẹp 99%,11.790.000 ₫,32.990.000 ₫,6.1 inch,Apple A14 Bionic (5nm),iOS 14,512GB,6 GB,Cảm biến LiDAR,Li-Ion 2815 mAh,"Graphite Black,Pacific Blue,Gold,Silver",,,used,Apple,12 MP,,1170 x 2532 pixels,,,,,,,,,,,,,,,,,,,,,,,,,,,,,
iPad Gen 6 Wifi 32GB cũ 99%,3.990.000 ₫,7.990.000 ₫,9.7 inches,Apple GPU ( 4 nhân ),iOS 11,32 GB,2GB,8.0 MP,32.4 Wh (~ 8600 mAh),"Rose Gold,Artic Silver,Black",,,used,Apple,1.2 MP,,1536 x 2048 pixels,,,,,,Không hỗ trợ thẻ nhớ,,,,,,,,,,,,,,,,,,,,,,,
iPad Air 2 LTE 16GB Cũ 98%,2.490.000 ₫,6.990.000 ₫,9.7 inches,Apple A8X,iOS 9.3.3 (có thể up lên iOS 10),16GB,2GB,8.0 MP,Li-Po 8827 mAh,"Black,Gold,White",1 nano SIM,,used,Apple,1.2 MP,,1536 x 2048 pixels,,,,,,Không hỗ trợ thẻ nhớ,,,,,,,,,,,,,,,,,,,,,,,
iPad Air 2 LTE 32GB cũ 99%,2.699.000 ₫,7.990.000 ₫,9.7 inches,Apple A8X,iOS 9.3.3 (có thể up lên iOS 10),32 GB,2GB,8.0 MP,Li-Po 8827 mAh,"Black,Gold,White",1 nano SIM,,used,Apple,1.2 MP,,1536 x 2048 pixels,,,,,,Không hỗ trợ thẻ nhớ,,,,,,,,,,,,,,,,,,,,,,,
iPad Air 1 Wifi 16GB cũ 99%,1.990.000 ₫,4.990.000 ₫,9.7 inches,Apple A7,iOS 9.3.3 (có thể up lên iOS 10),16GB,1GB,5 MP,Li-Po 8820 mAh,"Black,White",,,,Apple,1.2 MP,,1536 x 2048 pixels,,,,Đã qua sử dụng,,Không hỗ trợ thẻ nhớ,,,,,,,,,,,,,,,,,,,,,,,
iPad Air 1 LTE 16GB cũ 99%,1.990.000 ₫,4.990.000 ₫,9.7 inches,Apple A7,iOS 9.3.3 (có thể up lên iOS 10),16GB,1GB,5 MP,Li-Po 8820 mAh,"Black,White",1 nano SIM,,used,Apple,1.2 MP,,1536 x 2048 pixels,,,,,,Không hỗ trợ thẻ nhớ,,,,,,,,,,,,,,,,,,,,,,,
iPhone 13 512GB Cũ 99%,13.690.000 ₫,24.490.000 ₫,"6,1 inches",Apple A15,IOS 15,128 GB,,"Camera góc siêu rộng: 12MP, ƒ/2.4",3240mAh,"Black,Red,Green,Blue,Pink,Silver",1 nano SIM + 1 eSIM,,new,,12 MP,,2532 x 1170 pixels,,,,,,,,,,,,,,,,,,,,,,,,,,,,,
iPad Air 2 LTE 16GB cũ 99%,2.490.000 ₫,6.990.000 ₫,9.7 inches,Apple A8X,iOS 9.3.3 (có thể up lên iOS 10),16GB,2GB,8.0 MP,Li-Po 8827 mAh,"Black,Gold,White",1 nano SIM,,used,Apple,1.2 MP,,1536 x 2048 pixels,,,,,,Không hỗ trợ thẻ nhớ,,,,,,,,,,,,,,,,,,,,,,,
Apple iPhone 12 Mini 128GB cũ 99%,6.990.000 ₫,Liên hệ,,Apple A14 Bionic (5nm),iOS 14,128 GB,4 GB,Dual 12 MP,,"Black,Blue,Green,Red,White,Purple",1 nano SIM + 1 eSIM,,,Apple,12 MP,,1080 x 2340 pixels,,,,Đã qua sử dụng,,,,,,,,,,,,,,,,,,,,,,,,,
Apple iPhone 11 Pro MAX Lock 64GB,6.990.000 ₫,18.100.000 ₫,"6.5""",Apple A13 Bionic (7 nm+),iOS 13,64 GB,4 GB,Triple 12Mp + 12Mp + 12Mp,Li-Ion 3969mAh,"Space Gray,Silver,Gold,Midnight Green",1 nano SIM + 1 eSIM,,,Apple,12 MP,,1242 x 2688 Pixels,,,,Đã qua sử dụng,,,,,,,,,,,,,,,,,,,,,,,,,
iPad Mini 4 4G 16GB cũ 99%,2.690.000 ₫,6.490.000 ₫,7.9 inches,Apple A8,iOS 9,16GB,2GB,8.0 MP,Li-Po 5124 mAh,"Black,Rose Gold,White,Gold",1 nano SIM,,used,Apple,1.2 MP,,1536 x 2048 pixels,,,,,,,,,,,,,,,,,,,,,,,,,,,,,
"iPad Gen 5 9.7"" 2017 LTE 32GB cũ 99%",4.290.000 ₫,7.490.000 ₫,9.7 inches,Apple A9,iOS 11,32 GB,2GB,8.0 MP,Li-Po 8827 mAh,"Rose Gold,Artic Silver,Black",1 nano SIM,,used,Apple,1.2 MP,,1536 x 2048 pixels,,,,,,Không hỗ trợ thẻ nhớ,,,,,,,,,,,,,,,,,,,,,,,
iPhone 13 Pro Max 512GB Cũ đẹp 99%,17.390.000 ₫,34.990.000 ₫,6.7 inches,Apple A15,IOS 15,512GB,,"Camera tele : 12MP, /2.8","4,325mAh","Black,Blue,Gold,Silver",1 nano SIM + 1 eSIM,,used,,"12MP, ƒ/2.2",,2778 x 1284 pixel,"Hỗ trợ 5G, Kháng nước, kháng bụi, Sạc không dây, Nhận diện khuôn mặt",,,,,,,,,,,,,,,,,,,,,,,,,,,,
iPhone 12 Lock 64GB Cũ,5.690.000 ₫,8.090.000 ₫,6.1 inch,Apple A14 Bionic (5nm),iOS 14,64 GB,4 GB,Dual 12 MP,Li-Ion 2815 mAh,"Purple,Blue,Black,Green,Red,White",1 nano SIM + 1 eSIM,,used,,12 MP,,1170 x 2532 pixels,,,,Đã qua sử dụng,,,,,,,,,,,,,,,,,,,,,,,,,
iPhone 13 Pro 512GB cũ đẹp 99%,15.390.000 ₫,20.790.000 ₫,"6,1 inches",Apple A15,IOS 15,512GB,,"Camera tele : 12MP, /2.8","3,095mAh","Green,Black,Blue,Gold,Silver",1 nano SIM + 1 eSIM,,used,,12 MP,,1170 x 2532 pixels,,,,,,,,,,,,,,,,,,,,,,,,,,,,,
Samsung Galaxy S23 Ultra (5G) Cũ Đẹp 99%,16.990.000 ₫,31.990.000 ₫,6.8 inches,Qualcomm SM8550 Snapdragon 8 Gen 2 (4 nm),,256 GB,8Gb,200MP - 10MP - 10MP,5000 mAh,"Sky Blue,Red,Green,Lavender,Cream,Aura Black",,,new,Samsung,12MP,,1440 x 3088 pixels (QHD+),,,,,Sạc nhanh 25W,,,,,,,,,,,,,,,,,,,,,,,,
Samsung Galaxy Z Flip4 (5G) 256GB chính hãng - TBH,10.490.000 ₫,25.990.000 ₫,6.7 inches,Snapdragon 8+ Gen 1 (4 nm),"Android 12, One UI 4.1.1",128 GB,8 GB,"Camera góc rộng: 12 MP, f/1.8, PDAF, OIS Camera góc siêu rộng: 12 MP, f/2.2, 123˚",3700 mAh,"Blue,Gold,Graphite Black,Violet",2 SIM (nano‑SIM và eSIM),,new,Samsung,"10 MP, f/2.4","Màn hình chính: 6.7 inchesMàn hình phụ: 2.1 inches, Super AMOLED120Hz, HDR10+, 1200 nits (peak)",,,,,,,,,,,,,,,,Dynamic AMOLED 2X,,,,,,,,,,,,,,
iPhone 14 Pro Max 512GB cũ đẹp 99%,22.990.000 ₫,Liên hệ,,,,,,,,,,,,,,,,,,,,,,,,,,,,,,,,,,,,,,,,,,,,
iPhone 15 Plus Lock 128GB,14.790.000 ₫,Liên hệ,,,,,,,,,,,,,,,,,,,,,,,,,,,,,,,,,,,,,,,,,,,,
Samsung Galaxy S23 Plus (5G) Cũ Đẹp 99%,12.990.000 ₫,26.990.000 ₫,6.6 inch,Qualcomm SM8550 Snapdragon 8 Gen 2 (4 nm),"Android 13, One UI 5.1",256 GB,8Gb,50MP - 10MP - 12MP,4700 mAh,"Green,Lavender,Cream,Aura Black",,,new,Samsung,12MP,,1080 x 2340 pixels,,,,,Sạc nhanh 45W,,,,,,,,,,,,,,,,,,,,,,,,
iPhone X 64GB Chính Hãng Mới 100% TBH,5.990.000 ₫,9.490.000 ₫,5.8 inches,Apple A11 Bionic,Apple iOS,64 GB,3 GB,Dual 12 MP,Li-Ion 2716 mAh,"Dark Grey,Silver White",1 nano SIM,,,Apple,7.0 MP,,"OLED, Super Retina",,,,Đã qua sử dụng,,,,,,,,,,,,,,,,,,,,,,,,,
iPhone 12 Pro Max Lock 128GB Cũ,10.690.000 ₫,13.290.000 ₫,6.7 inches,Apple A14 Bionic (5nm),iOS 14,128 GB,6 GB,Cảm biến LiDAR,Li-Ion 3687 mAh,"Graphite Black,Pacific Blue,Gold,Silver",,,,Apple,12 MP,,1284 x 2778 pixels,,Used,,Đã qua sử dụng,,,,,,,,,,,,,,,,,,,,,,,,,
iPhone 11 Pro max 512GB cũ chính hãng 99%,10.790.000 ₫,23.990.000 ₫,"6.5""",Apple A13 Bionic (7 nm+),iOS 13,512GB,4 GB,Triple 12Mp + 12Mp + 12Mp,Li-Ion 3969mAh,"Space Gray,Silver,Gold,Midnight Green",1 nano SIM + 1 eSIM,,used,Apple,12 MP,,1242 x 2688 Pixels,,,,,,,,,,,,,,,,,,,,,,,,,,,,,
iPhone 11 256Gb cũ 99%,7.890.000 ₫,15.790.000 ₫,6.1 inch,Apple A13 Bionic (7 nm+),iOS 13,256 GB,4 GB,Dual 12 MP,Li-Ion 3110mAh,"Red,Black,Yellow,White,Green,Purple",1 nano SIM + 1 eSIM,,,Apple,12 MP,,828 x 1792 pixels,,,,Đã qua sử dụng,,,,,,,,,,,,,,,,,,,,,,,,,
iPhone 11 Pro 512GB cũ đẹp 99%,8.990.000 ₫,18.990.000 ₫,5.8 inches,Apple A13 Bionic (7 nm+),iOS 13,256 GB,4 GB,Triple 12Mp + 12Mp + 12Mp,Li-Ion 3190mAh,"Space Gray,Silver,Gold,Midnight Green",1 nano SIM + 1 eSIM,,used,,12 MP,,1125 x 2436 pixels,,,,,,,,,,,,,,,,,,,,,,,,,,,,,
iPhone 6 32GB cũ đẹp 99%,Liên hệ,Liên hệ,,,,,,,,,,,,,,,,,,,,,,,,,,,,,,,,,,,,,,,,,,,,
Samsung Galaxy Note 20 Ultra (5G) 12GB 128GB Cũ,8.690.000 ₫,Liên hệ,6.9 inches,Qualcomm SM8250 Snapdragon 865+ (7 nm+),Android 10,128GB,12 GB,Triple camera (108MP + 12MP + 12MP),Li-Ion 4500mAh,"Mystic Bronze,Aura Black,Aura White",,,used,,10MP (ToF),,2K+ (1440 x 3088 pixel),,,,,Sạc nhanh 25W,microSDXC,,,,,,,,,,,,,,,,,,,,,,,
Samsung Galaxy S22 256GB cũ đẹp 99%,7.390.000 ₫,21.990.000 ₫,6.1 inch,Snapdragon 8 Gen 1 8 nhân,"Android 12, One UI 4",256 GB,8Gb,50MP – 10MP – 12MP,Li-Po 3700mAh,"Rose Gold,Aura White,Mystic Green,Aura Black",2 nano SIM,,,Samsung,10 MP,,1080 x 2340 pixels (Full HD+),,,,New,Sạc nhanh 45W,,,,,,,,,,,,,,,,,,,,,,,,
iPhone 12 Pro Max 512GB cũ đẹp 99%,14.990.000 ₫,33.990.000 ₫,6.7 inches,Apple A14 Bionic (5nm),iOS 14,512GB,6 GB,Cảm biến LiDAR,Li-Ion 3687 mAh,"Graphite Black,Pacific Blue,Gold,Silver",1 nano SIM + 1 eSIM,,used,Apple,12 MP,,1284 x 2778 pixels,,Used,,,,,,,,,,,,,,,,,,,,,,,,,,,
iPhone 14 Plus Lock cũ,11.490.000 ₫,28.990.000 ₫,6.7 inches,Apple A15 Bionic,iOS 16,128GB,6 GB,Camera chính 12MP Camera góc siêu rộng 12MP,,"Yellow,Black,Aura Red,Starlight,Aura Blue,Purple",,Apple,new,,12MP khẩu độ f/1.9,,,,,,,,,,,,,,,,,,,,,,,,,,,,,,,
iPhone 14 Pro Max 1TB cũ đẹp 99%,22.990.000 ₫,51.990.000 ₫,6.7 inches,Apple A16 Bionic,iOS 16,1 TB,6GB,Camera chính: 48MP Camera góc siêu rộng: 12MP Camera tele: 12MP,"4,352mAh","Space Black,Deep Purple,Silver,Gold","1 Nano SIM & 1 eSIM, Hỗ trợ 5G",Apple,new,Apple,,,,,,,,,,,,,,,,,,,,,,,,,,,,,,,,
iPhone 14 Pro Max 1TB cũ đẹp 99%,22.990.000 ₫,51.990.000 ₫,6.7 inches,Apple A16 Bionic,iOS 16,1 TB,6GB,Camera chính: 48MP Camera góc siêu rộng: 12MP Camera tele: 12MP,"4,352mAh","Space Black,Deep Purple,Silver,Gold","1 Nano SIM & 1 eSIM, Hỗ trợ 5G",Apple,new,Apple,,,,,,,,,,,,,,,,,,,,,,,,,,,,,,,,
Apple iPhone SE 2020 64GB cũ 99%,3.790.000 ₫,7.490.000 ₫,4.7 inches,Apple A13 Bionic (7 nm+),iOS 13,64 GB,3 GB,12.2 MP,"1750 mAh - Tiết kiệm pin, Sạc pin nhanh, Sạc pin không dây.","Space Gray,Silver,Gold,Midnight Green",1 nano SIM + 1 eSIM,,used,Apple,7 MP,,750 x 1334 pixels,,,,,,,,,,,,,,,,,,,,,,,,,,,,,
iPhone 14 Pro Max Lock 256GB,18.790.000 ₫,33.990.000 ₫,6.7 inches,Apple A16 Bionic,iOS 16,128GB,6GB,Camera chính: 48MP Camera góc siêu rộng: 12MP Camera tele: 12MP,"4,352mAh","Space Black,Deep Purple,Silver,Gold","1 Nano SIM & 1 eSIM, Hỗ trợ 5G",Apple,new,Apple,,,,,,,,,,,,,,,,,,,,,,,,,,,,,,,,
Apple iPhone 7 plus 32GB cũ 99%,3.390.000 ₫,5.990.000 ₫,5.5 inches,Apple A10 Fusion,iOS 10,32 GB,3 GB,12 MP,Li-Ion 2900 mAh,"Jet Black,Rose,Silver White,Black,Gold",1 nano SIM,,,Apple,7.0 MP,,1920 x 1080 pixel (~401 ppi),,,,Đã qua sử dụng,,,"Fingerprint (front-mounted), accelerometer, gyro, proximity, compass",,,,,,,,,,,,,,,,,,,,,,
Samsung Galaxy S10e Mỹ Cũ,3.990.000 ₫,7.790.000 ₫,"Dynamic AMOLED5.8""Full HD+",Snapdragon 855,Android 9.0 (Pie),128 GB,6GB,Chính 12 MP & Phụ 16 MP,3100 mAh,"Black Ceramic,Gold,White Crystal,Navy Blue",,,used,,10 MP,,1440 x 3040 pixels,,,,,Quick Charge 2.0,Hỗ trợ thẻ nhớ 512Gb,,,,,,,,,,,,,,,,,,,,,,,
iPhone 15 Pro Max 512GB cũ đẹp 99%,28.690.000 ₫,33.990.000 ₫,,,,,,,,,,,,,,,,,,,,,,,,,,,,,,,,,,,,,,,,,,,,
Google Pixel 8 Pro Quốc Tế,16.990.000 ₫,25.990.000 ₫,6.7 inches,Google Tensor G3,,128GB,12 GB,Triple (50MP + 64MP + 48MP),4950,"Gray,White,Black",,,,,,,1344 x 2992,,,,,,,,,,,,,,,,,,,,,,,,,,,,,
Google Pixel 8a 8GB 128GB Box,9.490.000 ₫,12.990.000 ₫,"6,1 inch",Google Tensor G3 (4 nm),Android,128GB,8GB,64MP - 13 MP,Li-Po 4492 mAh,"Black, Blue, White, Green",,Google,New,,13 MP,,1080 x 2400 pixels,,,,,18W,,,,,,,,,,,,,,,,,,,,,,,,
Google Pixel 5 8GB 128GB cũ 99%,4.390.000 ₫,8.990.000 ₫,6.0 inches,Qualcomm SDM765 Snapdragon 765G (7 nm),Android 11,128 GB,8Gb,12.2 MP và 16 MP (2 Camera),Li-Po 4080 mAh,"Black,Green",Nano SIM + eSIM,,used,,8MP,,1080 x 2340 pixels,,,,,,,,,,,,,,,,,,,,,,,,,,,,,
Apple iPhone SE 2020 128GB cũ 99%,4.190.000 ₫,7.490.000 ₫,4.7 inches,Apple A13 Bionic (7 nm+),iOS 13,64 GB,3 GB,12.2 MP,"1750 mAh - Tiết kiệm pin, Sạc pin nhanh, Sạc pin không dây.","Space Gray,Silver,Gold,Midnight Green",1 nano SIM + 1 eSIM,,used,Apple,7 MP,,750 x 1334 pixels,,,,,,,,,,,,,,,,,,,,,,,,,,,,,
Sony Xperia 1 II ( Mark 2 ) 8GB|128GB Cũ 99%,4.590.000 ₫,6.990.000 ₫,6.5 inches,Qualcomm SM8250 Snapdragon 865 (7 nm+),,128 MB,8Gb,12MP + 12MP + 12MP,Li-Ion 4000 mAh,"Black,White,Purple",1 micro SIM,,used,,8 MP,,,,,,,,,,,,,,,,,,,,,,,,,,,,,,,
Apple iPad Gen 7 2019 WIFI 32GB cũ 99%,5.490.000 ₫,8.190.000 ₫,10.2 inches,Apple A10 Fusion (16 nm),iOS 11,32 GB,3 GB,8.0 MP,Li-Po 8827 mAh,"Silver,Gold,Black",1 nano SIM,,used,Apple,1.2 MP,,1620 x 2160 Pixels,,,,,,,,,,,,,,,,,,,,,,,,,,,,,
Apple iPad Gen 8 WIFI cũ 99%,4.490.000 ₫,8.190.000 ₫,10.2 inches,Apple A12 bionic,iOS 11,32 GB,3 GB,8.0 MP,Li-Po 8827 mAh,"Silver,Gold,Black",,,used,Apple,1.2 MP,,1620 x 2160 Pixels,,,,,,,,,,,,,,,,,,,,,,,,,,,,,
Apple iPad Gen 8 32GB LTE Cũ 99%,4.990.000 ₫,8.190.000 ₫,10.2 inches,Apple A12 bionic,iOS 11,32 GB,3 GB,8.0 MP,Li-Po 8827 mAh,"Silver,Gold,Black",1 nano SIM,,used,Apple,1.2 MP,,1620 x 2160 Pixels,,,,,,,,,,,,,,,,,,,,,,,,,,,,,
"iPad Gen 9 10.2"" 2021 WiFi 64GB Cũ | Chính hãng Việt Nam",5.690.000 ₫,10.990.000 ₫,10.2 inches,A13 Bionic,IOS,64 GB,,Camera góc siêu rộng 12MP,32.4 Wh (~ 8600 mAh),"Bạc,Xám",,,new,,,,1620 x 2160 Pixels,,,,,Sạc nhanh 20W,,,,,,,,,,,,,,,,,,,,,,,,
Apple iPhone 7 plus 256GB cũ 99%,3.790.000 ₫,5.990.000 ₫,5.5 inches,Apple A10 Fusion,iOS 10,32 GB,3 GB,12 MP,Li-Ion 2900 mAh,"Jet Black,Rose,Silver White,Black,Gold",1 nano SIM,,,Apple,7.0 MP,,1920 x 1080 pixel (~401 ppi),,,,Đã qua sử dụng,,,"Fingerprint (front-mounted), accelerometer, gyro, proximity, compass",,,,,,,,,,,,,,,,,,,,,,
iPhone 15 Pro Max 1TB cũ đẹp 99%,30.990.000 ₫,33.990.000 ₫,,,,,,,,,,,,,,,,,,,,,,,,,,,,,,,,,,,,,,,,,,,,
Google Pixel 6 Pro 12GB 128GB cũ,7.490.000 ₫,15.990.000 ₫,6.71 inches,Google Tensor (5 nm),Android 12,128GB,12 GB,50MP – 48MP – 12MP,5000 mAh,"Black,White,Orange",1 nano SIM + 1 eSIM,,used,,11.1 MP,,1440 x 3120 pixels,,,,,,,,,,,,,,,,Google,,,,,,,,,,,,,
Google Pixel 6 128GB Quốc Tế Cũ,5.890.000 ₫,14.390.000 ₫,"6,4 inches",Google Tensor (5 nm),Android 12,128GB,8Gb,,,"Black,Green,Orange","1 Nano SIM & 1 eSIM, Hỗ trợ 5G",,used,,8 MP,,1080 x 2400 pixels,,,,,,,,,,,,,,,,,,,,,,,,,,,,,
Google Pixel 6A 5G 128GB Cũ 99%,5.990.000 ₫,7.490.000 ₫,6.1 inch,Google Tensor (5 nm),Android 12,128GB,6 GB,"12.2 MP, f/1.7, 27mm, 1.4µm 12 MP, f/2.2, 17mm, 114˚ , 1.25µm",4410mAh,"Black,Green,White","1 Nano SIM & 1 eSIM, Hỗ trợ 5G",,new,,8 MP,,1080 x 2400 pixels,,,,,,,,,,,,,,,,,,,,,,,,,,,,,
Google Pixel 7 128GB Cũ 99%,7.790.000 ₫,12.990.000 ₫,6.3 inches,Google Tensor G2 (5 nm),Android 12,128GB,8Gb,"50 MP, f/1.9, 25mm, 1.2µm 12 MP, f/2.2, 114˚ , 1.25µm",4355 mAh,"Black,White,Lemon","1 Nano SIM & 1 eSIM, Hỗ trợ 5G",,new,,"10.8 MP, f/2.2, 21mm, 1.22µm",,"1080 x 2400 pixels,(~416 ppi density)",,,,,,,,,,,,,,,,,,,,,,,,,,,,,
Google Pixel 7 Pro 128GB Cũ 99%,8.990.000 ₫,20.990.000 ₫,6.3 inches,Google Tensor G2 (5 nm),Android 12,128GB,8Gb,"50 MP, f/1.9, 25mm, 1.2µm 12 MP, f/2.2, 114˚ , 1.25µm",5000 mAh,"Black,White,Gray","1 Nano SIM & 1 eSIM, Hỗ trợ 5G",,new,,"10.8 MP, f/2.2, 21mm, 1.22µm",,"1080 x 2400 pixels,(~416 ppi density)",,,,,,,,,,,,,,,,,,,,,,,,,,,,,
Google Pixel 7a 128GB Mới Fullbox,9.290.000 ₫,12.990.000 ₫,6.1 inch,Google Tensor G2 (5 nm),Android 13,128GB,8Gb,64 MP + 13 MP,4355 mAh,"Black,White,Blue,Pink","1 Nano SIM & 1 eSIM, Hỗ trợ 5G",,new,,13 MP,,"1080 x 2400 pixels,(~416 ppi density)",,,,,,,,,,,,,,,,,,,,,,,,,,,,,
Google Pixel 7 Pro 128GB Mới Fullbox,11.990.000 ₫,20.990.000 ₫,6.3 inches,Google Tensor G2 (5 nm),Android 12,128GB,8Gb,"50 MP, f/1.9, 25mm, 1.2µm 12 MP, f/2.2, 114˚ , 1.25µm",5000 mAh,"Black,White,Gray","1 Nano SIM & 1 eSIM, Hỗ trợ 5G",,new,,"10.8 MP, f/2.2, 21mm, 1.22µm",,"1080 x 2400 pixels,(~416 ppi density)",,,,,,,,,,,,,,,,,,,,,,,,,,,,,
Google Pixel 7 128GB Mới Fullbox,10.990.000 ₫,12.990.000 ₫,6.3 inches,Google Tensor G2 (5 nm),Android 12,128GB,8Gb,"50 MP, f/1.9, 25mm, 1.2µm 12 MP, f/2.2, 114˚ , 1.25µm",4355 mAh,"Black,White,Lemon","1 Nano SIM & 1 eSIM, Hỗ trợ 5G",,new,,"10.8 MP, f/2.2, 21mm, 1.22µm",,"1080 x 2400 pixels,(~416 ppi density)",,,,,,,,,,,,,,,,,,,,,,,,,,,,,
Samsung Galaxy Z Flip4 (5G) Chính hãng cũ,7.990.000 ₫,25.990.000 ₫,6.7 inches,Snapdragon 8+ Gen 1 (4 nm),"Android 12, One UI 4.1.1",128 GB,8 GB,"Camera góc rộng: 12 MP, f/1.8, PDAF, OIS Camera góc siêu rộng: 12 MP, f/2.2, 123˚",3700 mAh,"Blue,Gold,Graphite Black,Violet",2 SIM (nano‑SIM và eSIM),,new,Samsung,"10 MP, f/2.4","Màn hình chính: 6.7 inchesMàn hình phụ: 2.1 inches, Super AMOLED120Hz, HDR10+, 1200 nits (peak)",,,,,,,,,,,,,,,,Dynamic AMOLED 2X,,,,,,,,,,,,,,
Samsung Galaxy Z Flip4 (5G) 128GB chính hãng - TBH,8.990.000 ₫,25.990.000 ₫,6.7 inches,Snapdragon 8+ Gen 1 (4 nm),"Android 12, One UI 4.1.1",128 GB,8 GB,"Camera góc rộng: 12 MP, f/1.8, PDAF, OIS Camera góc siêu rộng: 12 MP, f/2.2, 123˚",3700 mAh,"Blue,Gold,Graphite Black,Violet",2 SIM (nano‑SIM và eSIM),,new,Samsung,"10 MP, f/2.4","Màn hình chính: 6.7 inchesMàn hình phụ: 2.1 inches, Super AMOLED120Hz, HDR10+, 1200 nits (peak)",,,,,,,,,,,,,,,,Dynamic AMOLED 2X,,,,,,,,,,,,,,
iPhone 13 128GB Chính hãng VN/A (Trôi bảo hành),12.990.000 ₫,24.490.000 ₫,"6,1 inches",Apple A15,IOS 15,128 GB,,"Camera góc siêu rộng: 12MP, ƒ/2.4",3240mAh,"Red,Green,Black,Blue,Pink,Silver",1 nano SIM + 1 eSIM,,new,,12 MP,,2532 x 1170 pixels,,,,,,,,,,,,,,,,,,,,,,,,,,,,,
Apple Watch Series 6 44mm (GPS) cũ đẹp 99%,3.990.000 ₫,13.990.000 ₫,1.78 inch,Apple S6,WatchOS,,,,,"Black,Blue,Pink,Red,White",,Apple Chính hãng,new,,,,448 x 368 pixels,,,,,,,"Cảm biến tiệm cận, cảm biến gia tốc, con quay hồi chuyển, gia tốc kế, la bàn, cảm biến nhịp tim",,,,,,,,"Retina LTPO OLED, 16 triệu màu,mặt lưng kính Sapphire, 3D Touch, độ sáng 1000 nits",,Chống nước 5 ATM (50m),#NAME?,#NAME?,Chất liệu viền,Chất liệu dây,Có thể thay dây,,,,,,,
Google Pixel 6 256GB Quốc Tế Cũ,6.490.000 ₫,14.390.000 ₫,"6,4 inches",Google Tensor (5 nm),Android 12,256 GB,8Gb,,,"Black,Green,Orange","1 Nano SIM & 1 eSIM, Hỗ trợ 5G",,used,,8 MP,,1080 x 2400 pixels,,,,,,,,,,,,,,,,,,,,,,,,,,,,,
Sony Xperia 5 6GB|64GB Cũ 99%,2.890.000 ₫,4.950.000 ₫,6.1 inch,Snapdragon 855 (7 nm),,64GB,6 GB,12MP + 12MP + 12MP,3140 mAh,"Black,Blue,Red,White",1 micro SIM,,used,,8 MP,,,,,,,,,,,,,,,,,,,,,,,,,,,,,,,
Samsung Galaxy Z Flip Chính Hãng cũ,3.990.000 ₫,24.990.000 ₫,6.7 inches,Snapdragon 855+ 8 nhân,Android 10,256 GB,8 GB,Triple 12Mp + 12Mp + 12Mp,"3330 mAh, có sạc nhanh","Black,Gold,Purple",2 nano SIM,,,,"12 MP, f/2.2, 23mm (wide), 1/3.6"" SL 3D",,"Dynamic AMOLED, phụ: Super AMOLED 6.7 inch Full HD+ (1080 x 2636 Pixels)",,,,,,,,,,,,,,,,,,,,,,,,,,,,,
Sony Xperia 1 6GB|64GB Cũ 99%,3.590.000 ₫,4.990.000 ₫,6.5 inches,Snapdragon 855,Android 9.0 (Pie),64 GB,6GB,"3 Camera 12MP, 12MP, 12MP",3300mAh - sạc nhanh 18W,"Gray,Violet,White,Black",1 nano SIM,,used,,8 MP,,1644 x 3840 pixels,,,,,,,,,,,,,,,,,,,,,,,,,,,,,
Samsung Galaxy A90 (5G) Hàn Cũ,4.990.000 ₫,6.690.000 ₫,"6,7 inches",Qualcomm Snapdragon 855,Android 9.0 (Pie),128 GB,6 GB,Triple 48MP + 8MP + 5MP,Li-Ion 4500mAh,"Black,White",1 nano SIM,,,,32 MP,,Full HD+ (1080 x 2400 Pixels),,,,,Quick Charge 2.0,Hỗ trợ thẻ nhớ 512Gb,,,,,,,,,,,,,,,,,,,,,,,
iPad Air 2 LTE 64GB cũ 99%,3.490.000 ₫,7.990.000 ₫,9.7 inches,Apple A8X,iOS 9.3.3 (có thể up lên iOS 10),64 GB,2GB,8.0 MP,Li-Po 8827 mAh,"Black,Gold,White",1 nano SIM,,used,Apple,1.2 MP,,1536 x 2048 pixels,,,,,,Không hỗ trợ thẻ nhớ,,,,,,,,,,,,,,,,,,,,,,,
Samsung Galaxy S10 Cũ,4.590.000 ₫,6.490.000 ₫,"6,1 inches",Qualcomm Snapdragon 855,Android 9.0 (Pie),128 GB,8 GB,"12 MP+12MP+16MP, LED Flash",Li-lon 3400 mAh,"Black Ceramic,White Crystal,Navy Blue,Flamingo Pink",1 nano SIM,,used,,10 MP+8MP,,1440 x 3040 pixels,,,,,Quick Charge 2.0,Hỗ trợ thẻ nhớ 512Gb,,,,,,,,,,,,,,,,,,,,,,,
Samsung Galaxy S22 Ultra (5G) 12GB 512GB cũ đẹp 99%,12.990.000 ₫,30.990.000 ₫,"6,8 inches",Snapdragon 8 Gen 1 8 nhân,"Android 12, One UI 4",512 GB,12 GB,4 cam (108MP + 12MP + 10MP + 10 MP),Li-Po 5000mAh,"White,Black,Burgundy,Green",1 Nano SIM & 1 eSIM,,,Samsung,40 MP,,Quad HD+,,,,New,Sạc nhanh 45W,,,,,,,,,,,,,,,,,,,,,,,,
Samsung Galaxy S10 Lite Cũ,3.190.000 ₫,7.190.000 ₫,,,,,,,,,,,,,,,,,,,,,,,,,,,,,,,,,,,,,,,,,,,,
Samsung Galaxy Z Fold5 Cũ đẹp 99%,20.990.000 ₫,44.990.000 ₫,,,,,,,,,,,,,,,,,,,,,,,,,,,,,,,,,,,,,,,,,,,,
iPhone 14 Pro 1TB cũ đẹp 99%,20.990.000 ₫,Liên hệ,,,,,,,,,,,,,,,,,,,,,,,,,,,,,,,,,,,,,,,,,,,,
iPhone 14 256GB Cũ đẹp 99%,13.090.000 ₫,19.990.000 ₫,,,,,,,,,,,,,,,,,,,,,,,,,,,,,,,,,,,,,,,,,,,,
iPhone 14 Pro 512GB cũ đẹp 99%,19.890.000 ₫,41.990.000 ₫,,,,,,,,,,,,,,,,,,,,,,,,,,,,,,,,,,,,,,,,,,,,
Sony Xperia 5 Mark 3 8GB 128GB 99%,4.990.000 ₫,7.990.000 ₫,6.1 inches,Qualcomm SM8350 Snapdragon 888 5G (5 nm),Android,128GB,8GB,12MP - 12MP - 12MP,4500mAh,"Black, Green, Pink",,Sony,Used,,8MP,,,,,,,,,,,,,,,,,,,,,,,,,,,,,,,
iPhone 15 Pro 256GB cũ đẹp 99%,21.990.000 ₫,31.990.000 ₫,,,,,,,,,,,,,,,,,,,,,,,,,,,,,,,,,,,,,,,,,,,,
iPhone 15 Pro 256GB cũ đẹp 99%,21.990.000 ₫,31.990.000 ₫,,,,,,,,,,,,,,,,,,,,,,,,,,,,,,,,,,,,,,,,,,,,
iPhone 15 Plus 512GB Cũ đẹp 99%,20.690.000 ₫,23.990.000 ₫,,,,,,,,,,,,,,,,,,,,,,,,,,,,,,,,,,,,,,,,,,,,
Google Pixel 5A 5G 128Gb Cũ 99%,3.990.000 ₫,7.490.000 ₫,6.34 inch,Qualcomm SM7250 Snapdragon 765G 5G (7 nm),Android 11,128GB,6GB,12.2 MP và 16 MP (2 Camera),4680 mAh,"Green,Black",1 nano SIM + 1 eSIM,Google,used,,8MP,,1080 x 2400 pixels,,,,,sạc nhanh 18W,Không hỗ trợ thẻ nhớ,,,,,,,,,,,,,,,,,,,,,,,
Google Pixel 4A 128G cũ 99%,3.190.000 ₫,5.490.000 ₫,5.81 inches,Snapdragon 765G,Android 10,128GB,6 GB,12.2 MP,3140 mAh,"Black,Blue","Hỗ trợ 4G, 1 nano SIM",,,,8 MP,,"8MP, khẩu độ f/2.0, tiêu cự 24mm, 1.22µm",,,,,,,,,,,,,,,,,,,,,,,,,,,,,
Google Pixel 4A 5G 128G cũ 99%,3.790.000 ₫,5.490.000 ₫,5.81 inches,Snapdragon 765G,Android 10,128GB,6 GB,12.2 MP,3885mAh,"Black,Blue","Hỗ trợ 4G, 1 nano SIM",,used,,8 MP,,"8MP, khẩu độ f/2.0, tiêu cự 24mm, 1.22µm",,,,,,,,,,,,,,,,,,,,,,,,,,,,,
Google Pixel 4 XL 64GB cũ 99%,3.790.000 ₫,7.690.000 ₫,6.3 inches,Qualcomm Snapdragon 855,Android OS,64 GB,6GB,12.2 MP và 16 MP (2 Camera),Li-lon 3700 mAh,"Black,White,Orange",1 nano SIM + 1 eSIM,,used,,8MP,,1440 x 3040 pixels,,,,,,,,,,,,,,,,,,,,,,,,,,,,,
Google Pixel 4 64Gb 2Sim cũ 99%,3.490.000 ₫,6.690.000 ₫,5.7 inches,Qualcomm Snapdragon 855,Android OS,64 GB,6GB,12.2 MP và 16 MP (2 Camera),2800 mAh,"Orange,White,Black",1 nano SIM + 1 eSIM,Google,used,,8MP,,1440 x 3040 pixels,,,,,sạc nhanh 18W,Không hỗ trợ thẻ nhớ,,,,,,,,,,,,,,,,,,Bluetooth 5.0,,,,,
Google Pixel 3a 64GB cũ 99%,2.390.000 ₫,2.390.000 ₫,5.6 inches,Qualcomm Snapdragon 670 (10 nm),Android OS,64 GB,4GB,12.2 MP,3.000 mAh,"Purple,Black,White",,,used,,8MP,,1080 x 2220 pixels,,,,,,,,,,,,,,,,,,,,,,,,,,,,,
Samsung Galaxy Z Fold4 Cũ,14.690.000 ₫,40.990.000 ₫,7.6 inches,Snapdragon 8 Plus Gen 1,,256 GB,12 GB,Camera chính: 108MP Camera góc siêu rộng: 12MP Camera tele: 10MP (3x zoom),"4,400 mAh","Black,Gold,Green",,,new,Samsung,10MP (bên ngoài) + 4MP (dưới màn hình),,,,,,,,,,,,,,,,,AMOLED,,,,,,,,,,,,,,
Apple Watch Series 4 Lte 40mm - Cũ đẹp 99%,2.990.000 ₫,2.990.000 ₫,,Apple W2,,16GB,768 MB RAM,,Li-Ion 279 mAh,Gold,Electronic SIM card (Apple e-SIM),,new,,,,AMOLED 1.65 inches 390 x 312 pixels,,,,,,,,,,,,,,,,,,,,,,,,,,,,,
iPhone 8 Plus 256G cũ đẹp 99%,Liên hệ,Liên hệ,5.5 inches,Apple A11 Bionic 6 nhân,iOS 11,256 GB,3 GB,Dual 12 MP,Li-Ion 2691 mAh,"Gold,Black,Silver White,Red",1 nano SIM,,used,Apple,7.0 MP,,1920 x 1080 pixel (~401 ppi),,,,,,,"Fingerprint (front-mounted), accelerometer, gyro, proximity, compass, barometer",,,,,,,,,,,,,,,,,,,,,,
Apple iPhone 12 Mini 256GB cũ 99%,7.290.000 ₫,Liên hệ,,Apple A14 Bionic (5nm),iOS 14,256 GB,4 GB,Dual 12 MP,,"Black,Blue,Green,Red,White,Purple",1 nano SIM + 1 eSIM,,,Apple,12 MP,,1080 x 2340 pixels,,,,Đã qua sử dụng,,,,,,,,,,,,,,,,,,,,,,,,,
iPhone 15 Pro 512GB cũ đẹp 99%,26.690.000 ₫,31.990.000 ₫,,,,,,,,,,,,,,,,,,,,,,,,,,,,,,,,,,,,,,,,,,,,
Samsung Galaxy S22 Plus (5G) 256GB cũ đẹp 99%,8.690.000 ₫,16.990.000 ₫,6.6 inches,Snapdragon 8 Gen 1 8 nhân,"Android 12, One UI 4",256GB,8Gb,50MP – 10MP – 12MP,4500 mAh,"Green,Black,White,Pink Gold",1 Nano SIM & 1 eSIM,,,Samsung,10 MP,,1080 x 2340 pixels (Full HD+),,,,New,Sạc nhanh 25W,,,,,,,,,,,,,,,,,,,,,,,,
Samsung Galaxy A71 (5G) (SM-A716S) Hàn Cũ,4.290.000 ₫,4.490.000 ₫,6.7 inches,Exynos 980 (8 nm),Android 10,128 GB,8 GB,"64MP,12MP, 5MP,5MP",Li-Ion 4500mAh,"Black,Blue,Silver",1 nano SIM,,used,,32 MP,,Full HD+ (1080 x 2400 Pixels),,,,,,Hỗ trợ thẻ nhớ 1TB,,,,,,,,,,,,,,,,,,,,,,,
Samsung Galaxy A51 (5G) 6GB 128GB Hàn Cũ,3.490.000 ₫,3.790.000 ₫,6.5 inches,"Exynos 980 , 8 Nhân",Android 10,128 GB,6GB,"Chính 48 MP & Phụ 12 MP, 5 MP, 5 MP",4500 mAh,"Black,Pink,White",1 nano SIM,,used,,32 MP,,1080 x 2400 pixels,,,,,,Hỗ trợ thẻ nhớ 1TB,,,,,,,,,,,,,,,,,,,,,,,
Samsung Galaxy A22 (5G) Hàn Cũ,2.890.000 ₫,2.890.000 ₫,"6,4 inches",Mediatek Helio G80,Android 11,128 GB,4GB,4 cam (48Mp +8Mp + 2Mp + 2Mp),Li-Po 5000mAh,"Gray,White,Green",1 nano SIM,,used,,13MP,,HD+ (720 x 1600 pixels),,,,,,Hỗ trợ thẻ nhớ 1TB,,,,,,,,,,,,,,,,,,,,,,,
Samsung Galaxy A53 (5G) 8GB 128GB cũ đẹp 99%,4.390.000 ₫,9.990.000 ₫,6.5 inches,Exynos 1280 8 nhân,"Android 12, One UI 4",128 GB,8 GB,"Camera chính góc rộng: 64 MP, f/1.8, PDAF, OIS Camera góc siêu rộng: 12 MP, f/2.2, 123˚ Camera macro: 5 MP, f/2.4 Cảm biến độ sâu: 5 MP, f/2.4",Li-Po 5000 mAh,"Black,Blue,Orange,White",2 SIM (Nano-SIM),,used,Samsung,"32 MP, f/2.2",,1080 x 2400 pixels (FullHD+),,,,,,,,,,,,,,,,,,,,,,,,,,,,,
Samsung Galaxy A33 (5G) 6GB 128GB Chính hãng cũ,4.390.000 ₫,8.490.000 ₫,6.4 inches,2 nhân 2.4 GHz & 6 nhân 2 GHz,Android 12,128 GB,6GB,"Camera chính: 48 MP, F1.8 Camera góc siêu rộng: 8 MP, F2.2 Camera macro: 5 MP, F2.4 Camera chân dung: 2.0 MP, F2.4",5000 mAh,"Black,Blue,Orange,White",2 SIM (Nano-SIM),,new,Samsung,"13 MP, f/2.2",,"Super AMOLED, 6.4"", Full HD+",,,,,Sạc nhanh 25W,,,,,,,,,,,,,,,,,,,,Cáp Type C,,,,
iPad Mini 4 4G 128GB cũ 99%,4.790.000 ₫,8.990.000 ₫,7.9 inches,Apple A8,iOS 9,128 GB,2GB,8.0 MP,Li-Po 5124 mAh,"Gold,Black,Rose Gold,White",1 nano SIM,,used,Apple,1.2 MP,,1536 x 2048 pixels,,,,,,,,,,,,,,,,,,,,,,,,,,,,,
Apple iPad Mini 5 Wifi 64GB cũ 99%,4.590.000 ₫,Liên hệ,7.9 inches,6 nhân (2×2.5 GHz Vortex + 4×1.6 GHz Tempest),IOS,64 GB,3 GB,"8 MP, f/2.4, 32mm",Li-Ion 5124 mAh,"Gold,Gray,Silver",,,used,Apple,"7 MP, f/2.2, 31mm",,1536 x 2048 pixels,,,,,,,,,,,,,,,,,,,,,,,,,,,,,
Apple iPad Mini 5 4G 64GB cũ 99%,9.990.000 ₫,10.990.000 ₫,7.9 inches,6 nhân (2×2.5 GHz Vortex + 4×1.6 GHz Tempest),IOS,64 GB,3 GB,"8 MP, f/2.4, 32mm",Li-Ion 5124 mAh,"Gold,Gray,Silver",,,used,Apple,"7 MP, f/2.2, 31mm",,1536 x 2048 pixels,,,,,,,,,,,,,,,,,,,,,,,,,,,,,
iPad Mini 3 4G 64GB cũ 99%,2.990.000 ₫,5.990.000 ₫,7.9 inches,Apple A7 APL0698,IOS,4+64G,,"5 MP (f/2.4, 32mm), tự động lấy nét",Li-Po 6471 mAh,"Gold,Gray,Silver",,,used,Apple,"1.2 MP, 720p@30fps, nhận diện khuôn mặt, FaceTime",,,,,,,,,,,,,,,,,,,,,,,,,,,,,,,
Apple iPad Pro 10.5 (4G + Wifi) 64GB cũ 99%,6.290.000 ₫,10.990.000 ₫,10.5 inches,Apple A10X 6 nhân,iOS 11,64 GB,4 GB,12 MP,Li-Po 8827 mAh,"Silver,Gold,Rose Gold,Silver",1 nano SIM,,,Apple,7 MP,,1668 x 2224 Pixels,,,,Đã qua sử dụng,,,,,,,,,,,,,,,,,,,,,,,,,
iPad Air 1 LTE 32GB cũ 99%,2.290.000 ₫,5.490.000 ₫,9.7 inches,Apple A7,iOS 9.3.3 (có thể up lên iOS 10),32 GB,1GB,5 MP,Li-Po 8820 mAh,"Black,White",1 nano SIM,,used,Apple,1.2 MP,,1536 x 2048 pixels,,,,,,Không hỗ trợ thẻ nhớ,,,,,,,,,,,,,,,,,,,,,,,
Samsung Galaxy A12 4G 128G Chính hãng cũ,Liên hệ,Liên hệ,"6.5""",MediaTek Helio G35 8 nhân,Android 10,128 GB,4GB,4 camera (48Mp + 5Mp + 2Mp + 2Mp),Li-lon 5000 mAh,"Black,Blue,White",2 nano SIM,,,Samsung,8MP,,HD+ (720 x 1600 pixels),,New,,,,,,,,,,,,,,,,,,,,,,,,,,,
Samsung Note 10 Plus (5G) 256GB Mỹ Cũ,Liên hệ,Liên hệ,6.8 inches,Exynos 9825,Android 9.0 (Pie),256 GB,12 GB,"12 MP+12MP+16MP, LED Flash",4.300mAh,"Aura Black,Aura Blue,Aura Glow,Aura Red,Aura White",1 nano SIM,,,,10MP (ToF),,1440 x 3040 pixels,,,,,Sạc nhanh 45W,Hỗ trợ thẻ nhớ 512Gb,,,,,,,,,,,,,,,,,,,,,,,
Apple iPhone 11 Lock 64GB cũ,4.690.000 ₫,12.490.000 ₫,6.1 inch,Apple A13 Bionic (7 nm+),iOS 13,64 GB,4 GB,Dual 12 MP,Li-Ion 3110mAh,"Black,Red,White,Yellow,Green,Purple",1 nano SIM + 1 eSIM,,,Apple,12 MP,,828 x 1792 pixels,,,,Đã qua sử dụng,,,,,,,,,,,,,,,,,,,,,,,,,
Samsung Galaxy S21 Plus (5G) 8GB 256GB Cũ đẹp 99%,7.290.000 ₫,Liên hệ,6.7 inches,Exynos 2100 (5nm),OneUI 3.1,256 GB,8 GB,Triple Camera (64MP + 12MP + 12MP),Li-Po 4800mAh,"Black,Silver,Violet",1 nano SIM,,used,,10MP (ToF),,Full HD+ (1080 x 2400 Pixels),,,,,Sạc nhanh 25W,microSDXC,,,,,,,,,,,,,,,,,,,,,,,
Samsung Galaxy Note 20 Ultra (5G) 12GB 256GB Hàn Cũ (Snapdragon 865+),8.990.000 ₫,17.990.000 ₫,6.9 inches,Qualcomm SM8250 Snapdragon 865+ (7 nm+),Android 10,256 GB,12 GB,Triple camera (108MP + 12MP + 12MP),Li-Ion 4500mAh,"Aura Black,Aura White,Mystic Bronze",,,used,,10MP (ToF),,2K+ (1440 x 3088 pixel),,,,,Sạc nhanh 25W,microSDXC,,,,,,,,,,,,,,,,,,,,,,,
LG V60 ThinQ 5G Chip Snapdragon 865 cũ 99%,2.990.000 ₫,Liên hệ,6.8 inches,Qualcomm SM8250 Snapdragon 865 (7 nm+),,128GB,8 GB,3 camera: 64MP + 13MP + 0.3MP,5000 mAh,"Blue,Silver,Black",,,used,,,,1080 x 2460 pixels,,,,,,,,,,,,,,,,,,,,,,,,,,"2160p@30/60fps, 1080p@30/60fps, 720p@240fps, HDR, 24-bit/192kHz stereo sound rec.",Corning Gorilla Glass 6,,
Google Pixel 6 Pro 12GB 128GB Mới Fullbox,10.990.000 ₫,22.490.000 ₫,6.71 inches,Google Tensor (5 nm),Android 12,128GB,12 GB,50MP – 48MP – 12MP,5000 mAh,"Black,White,Yellow",1 nano SIM + 1 eSIM,,new,,11.1 MP,,1440 x 3120 pixels,,,,,,,,,,,,,,,,,,,,,,,,,,,,,
iPhone 11 128GB Chính hãng VN/A (TBH),8.490.000 ₫,21.690.000 ₫,6.1 inch,Apple A13 Bionic (7 nm+),iOS 13,128 GB,4 GB,Dual 12 MP,Li-Ion 3110mAh,"Yellow,Black,Green,White,Purple,Red",1 nano SIM + 1 eSIM,,refurbished,Apple,12 MP,,828 x 1792 pixels,,,,,,,,,,,,,,,,,,,,,,,,,,,,,
Google Pixel 6a 5G 128GB Mới Fullbox,7.990.000 ₫,7.990.000 ₫,6.1 inch,Google Tensor (5 nm),Android 12,128GB,6 GB,"12.2 MP, f/1.7, 27mm, 1.4µm 12 MP, f/2.2, 17mm, 114˚ , 1.25µm",4410mAh,"Black,Green,White","1 Nano SIM & 1 eSIM, Hỗ trợ 5G",,new,,8 MP,,1080 x 2400 pixels,,,,,,,,,,,,,,,,,,,,,,,,,,,,,
Samsung Galaxy S24 Ultra (5G) Cũ Đẹp 99%,19.990.000 ₫,Liên hệ,6.8 inches,Snapdragon 8 Gen 3,"Android 14, One UI 6.1",256GB,12GB,200MP - 50MP - 10MP - 12MP,,"Black, Purple, Gray, Yellow, Blue, Orange, Green",,Samsung,,,,,1440 x 3088 pixels,,,,,,,,,,,,,,,,,,,,,,,,,,,,,
iPhone 14 512GB Cũ đẹp 99%,15.690.000 ₫,19.990.000 ₫,,,,,,,,,,,,,,,,,,,,,,,,,,,,,,,,,,,,,,,,,,,,
Samsung Galaxy A23 5G Hàn Cũ 99%,3.290.000 ₫,3.590.000 ₫,6.6 inches,Snapdragon 695 5G (6 nm),Android 12,128GB,4GB,50MP + 5MP + 2MP + 2MP,5.000 mAh,"Black,Blue,White",,,used,Samsung,"8 MP, f/2.0, 8 MP, f/2.2, (wide)",,1080 x 2408 pixels,,,,,,,,,,,,,,,,,,,,,,,,,,,,,
Samsung Galaxy Note 20 (5G) 128GB Cũ,5.990.000 ₫,23.990.000 ₫,"6,7 icnhes",Qualcomm SM8250 Snapdragon 865+ (7 nm+),Android 10,128GB,8 GB,Triple Camera (64MP + 12MP + 12MP),4.300mAh,"Mystic Bronze,Mystic Gray,Mystic Green",,,used,,10MP (ToF),,Full HD+ (1080 x 2400 Pixels),,,,,Sạc nhanh 25W,Không hỗ trợ thẻ nhớ,,,,,,,,,,,,,,,,,,,,,,,
Samsung S20 Ultra (5G) 12GB 128GB Mỹ Cũ,6.990.000 ₫,14.990.000 ₫,6.9 inches,Qualcomm Snapdragon 865,"Android 10, upgradable to Android 11, One UI 3.0",128GB,12 GB,108MP + 48MP + 12MP,,"Black,Gray",,,used,,40MP,,1440 x 3200 pixels,,,,,,,,,,,,,,,,,,,,,,,,,,,,,
iPhone 13 mini cũ đẹp 128GB 99%,9.490.000 ₫,Liên hệ,,,,,,,,,,,,,,,,,,,,,,,,,,,,,,,,,,,,,,,,,,,,
iPhone 12 256GB cũ đẹp 99%,9.390.000 ₫,24.990.000 ₫,6.1 inch,Apple A14 Bionic (5nm),iOS 14,256 GB,4 GB,Dual 12 MP,Li-Ion 2815 mAh,"Blue,Black,Green,Red,White",,,used,Apple,12 MP,,1170 x 2532 pixels,,,,,,,,,,,,,,,,,,,,,,,,,,,,,
Samsung Galaxy S10 Plus 512GB Hàn Cũ,Liên hệ,Liên hệ,6.4 inches,Exynos 9820 8 nhân 64-bit,Android 9.0 (Pie),512 GB,8 GB,"12 MP+12MP+16MP, LED Flash",Li-lon 4100 mAh,"Black Ceramic,White Crystal,Navy Blue",1 nano SIM,,,,10 MP+8MP,,1440 x 3040 pixels,,,,,Quick Charge 2.0,Hỗ trợ thẻ nhớ 512Gb,,,,,,,,,,,,,,,,,,,,,,,
Samsung Galaxy Note 10 256GB Mỹ Cũ,Liên hệ,Liên hệ,6.3 inches,Exynos 9825,Android 9.0 (Pie),256 GB,8 GB,"12 MP+12MP+16MP, LED Flash",3500 mAh,"Aura Black,Aura Blue,Aura Glow,Aura Red",1 nano SIM,,,,10MP (ToF),,1080 x 2280 pixels,,,,,Sạc nhanh 45W,Hỗ trợ thẻ nhớ 512Gb,,,,,,,,,,,,,,,,,,,,,,,
Galaxy Z Fold2 (5G) 256GB Hàn Cũ,Liên hệ,Liên hệ,,Snapdragon 888 (5nm),Android 11,256GB & 512GB,12 GB,"Tele: 12MP, F2.4",4400 mAh Sạc nhanh 25W/Sạc không dây 10W Chia sẻ Pin không dây,"Green,Black,Silver",Nano SIM + eSIM,,,Samsung,"4MP, F1.8",,"Màn hình phụ: 6.2 inch, 2268 x 832 (HD+), Dynamic AMOLED 2X 120Hz",,,,New,,,,,,,,,,,,,,,,,,,,,,,,"10MP, F2.2",8 nhân
Samsung Galaxy A82 (5G) (SM-A826S) Hàn Cũ,Liên hệ,Liên hệ,6.7 inches,Snapdragon 855+,Android 11,128GB,6GB,64MP + 12MP + 5MP,4500 mAh,"Black,Violet,White",1 nano SIM,,used,,"10 MP, f / 2.2, (rộng)",,1440 x 3200 pixel,,,,,,,,,,,,,,,,,,,,,,,,,,,,,
Samsung Galaxy S20 Plus (5G) 12GB 256GB Hàn Cũ đẹp 99%,6.190.000 ₫,23.990.000 ₫,6.7 inches,Qualcomm SM8250 Snapdragon 865 5G,Android 10,256 GB,12 GB,Triple Camera (64MP + 12MP + 12MP),Li-Ion 4500mAh,"Aura Blue,Aura Black,Mountain Gray",,,used,,10MP (ToF),,1440 x 3200 pixels,,,,,,Hỗ trợ thẻ nhớ 1TB,,,,,,,,,,,,,,,,,,,,,,,
Samsung Galaxy S20 Plus (5G) 12GB 128GB Mỹ Cũ đẹp 99%,5.790.000 ₫,23.990.000 ₫,6.7 inches,Qualcomm SM8250 Snapdragon 865 5G,Android 10,128 GB,12 GB,Triple Camera (64MP + 12MP + 12MP),Li-Ion 4500mAh,"Aura Blue,Aura Black,Mountain Gray",,,used,,10MP (ToF),,1440 x 3200 pixels,,,,,,Hỗ trợ thẻ nhớ 1TB,,,,,,,,,,,,,,,,,,,,,,,
iPhone 11 64GB Chính hãng TBH,7.990.000 ₫,Liên hệ,6.1 inch,Apple A13 Bionic (7 nm+),iOS 13,64GB,4 GB,Dual 12 MP,Li-Ion 3110mAh,"Yellow,Black,Green,White,Purple,Red",1 nano SIM + 1 eSIM,,refurbished,Apple,12 MP,,828 x 1792 pixels,,,,,,,,,,,,,,,,,,,,,,,,,,,,,
Samsung Note 10 Plus (5G) 256GB Hàn Cũ,Liên hệ,Liên hệ,6.8 inches,Exynos 9825,Android 9.0 (Pie),256 GB,12 GB,"12 MP+12MP+16MP, LED Flash",4.300mAh,"Aura Black,Aura Blue,Aura Glow,Aura Red,Aura White",1 nano SIM,,used,,10MP (ToF),,1440 x 3040 pixels,,,,,Sạc nhanh 45W,Hỗ trợ thẻ nhớ 512Gb,,,,,,,,,,,,,,,,,,,,,,,
Samsung Galaxy S10 Plus 128GB Hàn Cũ,Liên hệ,Liên hệ,6.4 inches,Exynos 9820 8 nhân,Android 9.0 (Pie),128 GB,8 GB,"12 MP+12MP+16MP, LED Flash",Li-lon 4100 mAh,"Black Ceramic,Flamingo Pink,White Crystal,Navy Blue",1 nano SIM,,,,10 MP+8MP,,1440 x 3040 pixels,,,,,Quick Charge 2.0,Hỗ trợ thẻ nhớ 512Gb,,,,,,,,,,,,,,,,,,,,,,,
Samsung Galaxy Note 10 Plus 256GB Mỹ Cũ,Liên hệ,Liên hệ,6.8 inches,Qualcomm Snapdragon 855,Android 9.0 (Pie),256 GB,12 GB,"12 MP+12MP+16MP, LED Flash",4.300mAh,"Aura Black,Aura Blue,Aura Glow,Aura White",1 nano SIM,,used,,10MP (ToF),,1440 x 3040 pixels,,,,,Sạc nhanh 45W,Hỗ trợ thẻ nhớ 512Gb,,,,,,,,,,,,,,,,,,,,,,,
Samsung Galaxy Note 9 Mỹ Cũ,Liên hệ,Liên hệ,6.4 inches,Qualcomm Snapdragon 845,"Android OS, v8.1",128 GB,6 GB,Dual 12 MP,Li-Ion 4000 mAh,"Copper,Black,Purple,Titan,Navy Blue",1 nano SIM,,,,8.0 MP,,1440 x 2960 pixels,,,,,,Hỗ trợ thẻ nhớ 512Gb,,,,,,,,,,,,,,,,,,,,,,,
Samsung Galaxy S10 Plus 128GB Mỹ Cũ,Liên hệ,Liên hệ,6.4 inches,Qualcomm Snapdragon 855,Android 9.0 (Pie),128 GB,8 GB,"12 MP+12MP+16MP, LED Flash",Li-lon 4100 mAh,"Black Ceramic,White Crystal,Navy Blue,Flamingo Pink",1 nano SIM,,used,,10 MP+8MP,,1440 x 3040 pixels,,,,,Quick Charge 2.0,Hỗ trợ thẻ nhớ 512Gb,,,,,,,,,,,,,,,,,,,,,,,
Samsung Galaxy A73 8GB 128GB Chính Hãng Cũ,3.290.000 ₫,Liên hệ,6.7 inches,Snapdragon 778G 5G 8 nhân,"Android 12, One UI 4.1",128GB,8Gb,"Camera chính: 108 MP, f/1.8, PDAF, OIS Camera gó siêu rộng: 12 MP, f/2.2 Camera macro: 5 MP, f/2.4 Camera chân dung: 5 MP, f/2.4",5000 mAh,"Black,Blue,White",2 SIM (Nano-SIM),,,,"32 MP, f/2.2",,"Super AMOLED, 6.7"", Full HD+",,,,,Sạc nhanh 25W,,,,,,,,,,,,,,,,,,,,Cáp Type C,,,,
Samsung S20 Ultra (5G) 12GB 256GB Hàn Cũ,Liên hệ,Liên hệ,6.9 inches,Exynos 990,"Android 10, upgradable to Android 11, One UI 3.0",256 GB,12 GB,108MP + 48MP + 12MP,,"Black,Gray",,,used,,40MP,,1440 x 3200 pixels,,,,,,,,,,,,,,,,,,,,,,,,,,,,,
iPad 4 16GB 4G + Wifi 99%,2.590.000 ₫,2.990.000 ₫,9.7 inches,Apple A6X,,16GB,1 GB,5 MP,,"Black,White",,,,Apple,,,1536 x 2048 pixels,,,,Đã qua sử dụng,,,,,,,,,,,,,,,,,,,,,,Full HD 1080p (1920 x 1080 pixels),,,
Samsung Galaxy S21 (5G) 8GB 256GB cũ đẹp 99%,6.290.000 ₫,6.990.000 ₫,6.2 inches,Exynos 2100 (5nm),OneUI 3.1,256 GB,8 GB,Triple Camera (64MP + 12MP + 12MP),Li-Po 4000mAH,"Black,Silver,Violet",,,used,,10MP (ToF),,Full HD+ (1080 x 2400 Pixels),,,,,Sạc nhanh 25W,microSDXC,,,,,,,,,,,,,,,,,,,,,,,
Samsung Galaxy S21 Ultra (5G) 12GB 256GB cũ đẹp 99%,8.590.000 ₫,Liên hệ,6.8 inches,Exynos 2100 (5nm),"Android 11, One UI 3.1",256 GB,12 GB,"108 MP, 12MP và 10MP+ 10MP+ 0.3 MP",5.000 mAh,"Black,Copper,Silver",2 nano SIM,,used,,40MP,,,,,,,,,,,,,,,,,,,,,,,,,,,,,,,
Samsung Galaxy S21 Ultra (5G) 12GB 512GB Cũ đẹp 99%,9.490.000 ₫,10.990.000 ₫,6.8 inches,Exynos 2100 (5nm),"Android 11, One UI 3.1",512GB,12 GB,"108 MP, 12MP và 10MP+ 10MP+ 0.3 MP",5.000 mAh,"Black,Copper,Silver",2 nano SIM,,,,40MP,,,,,,,,,,,,,,,,,,,,,,,,,,,,,,,
Google Pixel 6 Pro 12GB 256GB cũ,8.990.000 ₫,15.990.000 ₫,6.71 inches,Google Tensor (5 nm),Android 12,256 GB,12 GB,50MP – 48MP – 12MP,5000 mAh,"Black,White,Orange",1 nano SIM + 1 eSIM,,used,,11.1 MP,,1440 x 3120 pixels,,,,,,,,,,,,,,,,Google,,,,,,,,,,,,,
Điện thoại Sharp Aquos R6,6.590.000 ₫,7.990.000 ₫,6.67 inches,Snapdragon 888,,128 GB,12 GB,20 MP,5000 mAh,"Black,Silver",1 nano SIM,,,,12 MP,,,,,,,,Hỗ trợ thẻ nhớ 1TB,,,,,,,,,,,,,,,,,,,,,,,
