branch,name_product,launch_date,release_date,old_price,new_price,condition,ram,rom,battery_capacity,operating_system,chipset,screen_size,screen_resolution,videopixels,num_cameras,wide_camera,ultrawide_camera,macro_camera,telephoto_camera,cam1modules,cam2modules,water_resistance,nettech,product_link
Apple,Apple iPhone 12 Pro,,"2020, October 23",12.190.000đ,28.990.000đ,a_old ,6 GB,128 GB,2815,iOS 14.1,Apple A14 Bionic,"6.1""",1170x2532 pixels,2160p,3,12 MP,12 MP,,12 MP,12 MP,12MP,Yes,5G,https://www.gsmarena.com/apple_iphone_12_pro-10508.php
Vivo,Vivo Y38,,"2024, May",4.990.000đ,,a_new ,8 GB,256 GB,6000,Android 14,Snapdragon 4 Gen 2,"6.68""",720x1612 pixels,1080p,1,50 MP,,,,50 MP,8MP,Yes,5G,https://www.gsmarena.com/vivo_y38-12973.php
Oppo,Oppo A79,,"2023, October 28",5.390.000đ,7.990.000đ,a_like_new ,8 GB,256 GB,5000,Android 13,Dimensity 6020,"6.72""",1080x2400 pixels,1080p,1,50 MP,,,,50 MP,8MP,Yes,5G,https://www.gsmarena.com/oppo_a79-12636.php
Realme,Realme C61,,"2024, July 25",2.890.000đ,3.590.000đ,a_new ,4 GB,128 GB,5000,Android 14,Unisoc Tiger T612,"6.74""",720x1600 pixels,1080p,1,50 MP,,,,50 MP,5MP,Yes,LTE,https://www.gsmarena.com/realme_c61-13236.php
Samsung,Samsung Galaxy Z Fold5,,"2023, August 11",22.790.000đ,44.990.000đ,a_old ,12 GB,1 TB,4400,Android 13,Snapdragon 8 Gen 2,"7.6""",1812x2176 pixels,4320p,3,50 MP,12 MP,,10 MP,50 MP,4MP,Yes,5G,https://www.gsmarena.com/samsung_galaxy_z_fold5-12418.php
Samsung,Samsung Galaxy Z Flip4,,"2022, August 25",8.290.000đ,25.990.000đ,a_old ,8 GB,512 GB,3700,Android 12,Snapdragon 8+ Gen 1,"6.7""",1080x2640 pixels,2160p,2,12 MP,12 MP,,,12 MP,10MP,Yes,5G,https://www.gsmarena.com/samsung_galaxy_z_flip4-11538.php
Samsung,Samsung Galaxy A23 5G,,"2022, September 02",2.590.000đ,,a_old ,6 GB,128 GB,5000,Android 12,Snapdragon 695 5G,"6.6""",1080x2408 pixels,1080p,3,50 MP,5 MP,2 MP,,50 MP,8MP,,5G,https://www.gsmarena.com/samsung_galaxy_a23_5g-11736.php
Samsung,Samsung Galaxy S23 FE,,"2023, October 05",7.990.000đ,14.890.000đ,a_old ,8 GB,128 GB,4500,Android 13,Exynos 2200,"6.4""",1080x2340 pixels,4320p,3,50 MP,12 MP,,8 MP,50 MP,10MP,Yes,5G,https://www.gsmarena.com/samsung_galaxy_s23_fe-12520.php
Apple,Apple iPhone 12 Pro Max,,"2020, November 13",18.590.000đ,31.990.000đ,a_like_new ,6 GB,256 GB,3687,iOS 14.1,Apple A14 Bionic,"6.7""",1284x2778 pixels,2160p,3,12 MP,12 MP,,12 MP,12 MP,12MP,Yes,5G,https://www.gsmarena.com/apple_iphone_12_pro_max-10237.php
Samsung,Samsung Galaxy Z Fold5,,"2023, August 11",22.790.000đ,44.990.000đ,a_old ,12 GB,512 GB,4400,Android 13,Snapdragon 8 Gen 2,"7.6""",1812x2176 pixels,4320p,3,50 MP,12 MP,,10 MP,50 MP,4MP,Yes,5G,https://www.gsmarena.com/samsung_galaxy_z_fold5-12418.php
Xiaomi,Xiaomi 13 Lite,,"2023, March 08",4.590.000đ,11.490.000đ,a_old ,8 GB,128 GB,4500,Android 12,Snapdragon 7 Gen 1,"6.55""",1080x2400 pixels,2160p,3,50 MP,8 MP,2 MP,,50 MP,32MP,Yes,5G,https://www.gsmarena.com/xiaomi_13_lite-12072.php
Samsung,Samsung Galaxy S23 Ultra,,"2023, February 17",17.290.000đ,31.990.000đ,a_like_new ,8 GB,256 GB,5000,Android 13,Snapdragon 8 Gen 2,"6.8""",1440x3088 pixels,4320p,4,200 MP,12 MP,,10 MP,200 MP,12MP,Yes,5G,https://www.gsmarena.com/samsung_galaxy_s23_ultra-12024.php
Oppo,Oppo Reno11 Pro,,"2024, January 18",9.890.000đ,16.090.000đ,a_old ,12 GB,512 GB,4600,Android 14,Dimensity 8200,"6.7""",1080x2412 pixels,2160p,3,50 MP,8 MP,,32 MP,50 MP,32MP,,5G,https://www.gsmarena.com/oppo_reno11_pro-12790.php
Xiaomi,Xiaomi 13T,,"2023, September 26",9.090.000đ,12.990.000đ,a_new ,12 GB,256 GB,5000,Android 13,Dimensity 8200 Ultra,"6.67""",1220x2712 pixels,2160p,3,50 MP,12 MP,,50 MP,50 MP,20MP,Yes,5G,https://www.gsmarena.com/xiaomi_13t-12389.php
Tecno,Tecno Pova 6 Neo 5G,,"2024, September 14",3.390.000đ,4.590.000đ,a_new ,8 GB,128 GB,5000,Android 14,Dimensity 6300,"6.67""",720x1600 pixels,1440p,1,108 MP,,,,108 MP,8MP,Yes,5G,https://www.gsmarena.com/tecno_pova_6_neo_5g-13326.php
Tecno,Tecno Camon 30 5G,,"2024, April 02",3.890.000đ,6.490.000đ,a_old ,8 GB,256 GB,5000,Android 14,Dimensity 7020,"6.78""",1080x2436 pixels,2160p,1,50 MP,,,,50 MP,50MP,Yes,5G,https://www.gsmarena.com/tecno_camon_30_5g-12847.php
Xiaomi,Xiaomi 13T Pro,,"2023, September 26",11.290.000đ,16.990.000đ,a_like_new ,12 GB,512 GB,5000,Android 13,Dimensity 9200+,"6.67""",1220x2712 pixels,4320p,3,50 MP,12 MP,,50 MP,50 MP,20MP,Yes,5G,https://www.gsmarena.com/xiaomi_13t_pro-12388.php
Asus,Asus ROG Phone 6,,"2022, July 13",12.190.000đ,18.990.000đ,a_new ,12 GB,256 GB,6000,Android 12,Snapdragon 8+ Gen 1,"6.78""",1080x2448 pixels,4320p,3,50 MP,13 MP,5 MP,,50 MP,12MP,Yes,5G,https://www.gsmarena.com/asus_rog_phone_6-11647.php
Apple,Apple iPhone SE (2020),,"2020, April 24",4.590.000đ,10.990.000đ,a_like_new ,3 GB,64 GB,1821,iOS 13,Apple A13 Bionic,"4.7""",750x1334 pixels,2160p,1,12 MP,,,,12 MP,7MP,Yes,LTE,https://www.gsmarena.com/apple_iphone_se_(2020)-10170.php
Xiaomi,Xiaomi 13T Pro,,"2023, September 26",12.290.000đ,16.990.000đ,a_new ,12 GB,512 GB,5000,Android 13,Dimensity 9200+,"6.67""",1220x2712 pixels,4320p,3,50 MP,12 MP,,50 MP,50 MP,20MP,Yes,5G,https://www.gsmarena.com/xiaomi_13t_pro-12388.php
Samsung,Samsung Galaxy A15 5G,,"2023, December 16",3.490.000đ,4.990.000đ,a_new ,8 GB,128 GB,5000,Android 14,Dimensity 6100+,"6.5""",1080x2340 pixels,1080p,3,50 MP,5 MP,2 MP,,50 MP,13MP,,5G,https://www.gsmarena.com/samsung_galaxy_a15_5g-12638.php
Apple,Apple iPhone XS,,"2018, September 21",6.790.000đ,28.500.000đ,a_like_new ,4 GB,256 GB,2658,iOS 12,Apple A12 Bionic,"5.8""",1125x2436 pixels,2160p,2,12 MP,,,12 MP,12 MP,7MP,Yes,LTE,https://www.gsmarena.com/apple_iphone_xs-9318.php
Samsung,Samsung Galaxy Z Fold3 5G,,"2021, August 27",10.490.000đ,44.990.000đ,a_old ,12 GB,256 GB,4400,Android 11,Snapdragon 888 5G,"7.6""",1768x2208 pixels,2160p,3,12 MP,12 MP,,12 MP,12 MP,4MP,Yes,5G,https://www.gsmarena.com/samsung_galaxy_z_fold3_5g-10906.php
Apple,Apple iPhone 6s Plus,,"2015, September 25",2.790.000đ,18.590.000đ,a_like_new ,2 GB,64 GB,2750,iOS 9,Apple A9 (14,"5.5""",1080x1920 pixels,2160p,0,,,,,,5MP,Yes,LTE,https://www.gsmarena.com/apple_iphone_6s_plus-7243.php
Samsung,Samsung Galaxy A54,,"2023, March 24",6.140.000đ,10.490.000đ,a_new ,8 GB,128 GB,5000,Android 13,Exynos 1380,"6.4""",1080x2340 pixels,2160p,3,50 MP,12 MP,5 MP,,50 MP,32MP,Yes,5G,https://www.gsmarena.com/samsung_galaxy_a54-12070.php
Xiaomi,Xiaomi 13T,,"2023, September 26",8.190.000đ,12.990.000đ,a_like_new ,12 GB,256 GB,5000,Android 13,Dimensity 8200 Ultra,"6.67""",1220x2712 pixels,2160p,3,50 MP,12 MP,,50 MP,50 MP,20MP,Yes,5G,https://www.gsmarena.com/xiaomi_13t-12389.php
Apple,Apple iPhone 12 Pro,,"2020, October 23",15.090.000đ,26.631.000đ,a_like_new ,6 GB,128 GB,2815,iOS 14.1,Apple A14 Bionic,"6.1""",1170x2532 pixels,2160p,3,12 MP,12 MP,,12 MP,12 MP,12MP,Yes,5G,https://www.gsmarena.com/apple_iphone_12_pro-10508.php
Samsung,Samsung Galaxy A35,,"2024, March 15",6.390.000đ,8.290.000đ,a_new ,8 GB,128 GB,5000,Android 14,Exynos 1380,"6.6""",1080x2340 pixels,2160p,3,50 MP,8 MP,5 MP,,50 MP,13MP,Yes,5G,https://www.gsmarena.com/samsung_galaxy_a35-12705.php
Oneplus,Oneplus Nord CE 3 Lite,,"2023, April 11",3.390.000đ,6.190.000đ,a_old ,8 GB,256 GB,5000,Android 13,Snapdragon 695 5G,"6.72""",1080x2400 pixels,1080p,2,108 MP,,2 MP,,108 MP,16MP,,5G,https://www.gsmarena.com/oneplus_nord_ce_3_lite-12198.php
Xiaomi,Xiaomi Redmi 13C 5G,,"2023, December 16",2.590.000đ,3.490.000đ,a_new ,6 GB,128 GB,5000,Android 13,Dimensity 6100+,"6.74""",720x1600 pixels,1080p,1,50 MP,,,,50 MP,5MP,Yes,5G,https://www.gsmarena.com/xiaomi_redmi_13c_5g-12726.php
Apple,Apple iPhone 8 Plus,,"2017, September 22",5.590.000đ,19.990.000đ,a_like_new ,3 GB,256 GB,2691,iOS 11,Apple A11 Bionic,"5.5""",1080x1920 pixels,2160p,2,12 MP,,,12 MP,12 MP,7MP,Yes,LTE,https://www.gsmarena.com/apple_iphone_8_plus-8131.php
Xiaomi,Xiaomi Redmi Note 12 Pro,,"2022, November 01",4.990.000đ,9.490.000đ,a_like_new ,8 GB,256 GB,5000,Android 12,Dimensity 1080,"6.67""",1080x2400 pixels,2160p,3,50 MP,8 MP,2 MP,,50 MP,16MP,Yes,5G,https://www.gsmarena.com/xiaomi_redmi_note_12_pro-11955.php
Itel,Itel S23,,2023,1.690.000đ,3.490.000đ,a_new ,8 GB,128 GB,5000,Android 12,Unisoc T606,"6.6""",720x1612 pixels,1080p,1,50 MP,,,,50 MP,8MP,,LTE,https://www.gsmarena.com/itel_s23-12478.php
Xiaomi,Xiaomi Redmi Note 13 Pro+,,"2023, September 21",7.090.000đ,10.990.000đ,a_like_new ,8 GB,256 GB,5000,Android 13,Dimensity 7200 Ultra,"6.67""",1220x2712 pixels,2160p,3,200 MP,8 MP,2 MP,,200 MP,16MP,Yes,5G,https://www.gsmarena.com/xiaomi_redmi_note_13_pro+-12572.php
Xiaomi,Xiaomi 13 Lite,,"2023, March 08",6.090.000đ,11.490.000đ,a_like_new ,8 GB,256 GB,4500,Android 12,Snapdragon 7 Gen 1,"6.55""",1080x2400 pixels,2160p,3,50 MP,8 MP,2 MP,,50 MP,32MP,Yes,5G,https://www.gsmarena.com/xiaomi_13_lite-12072.php
Apple,Apple iPhone 11 Pro Max,,"2019, September 20",8.890.000đ,29.000.000đ,a_old ,4 GB,64 GB,3969,iOS 13,Apple A13 Bionic,"6.5""",1242x2688 pixels,2160p,3,12 MP,12 MP,,12 MP,12 MP,12MP,Yes,LTE,https://www.gsmarena.com/apple_iphone_11_pro_max-9846.php
Apple,Apple iPhone 11 Pro Max,,"2019, September 20",12.390.000đ,35.000.000đ,a_like_new ,4 GB,512 GB,3969,iOS 13,Apple A13 Bionic,"6.5""",1242x2688 pixels,2160p,3,12 MP,12 MP,,12 MP,12 MP,12MP,Yes,LTE,https://www.gsmarena.com/apple_iphone_11_pro_max-9846.php
Samsung,Samsung Galaxy A50,,"2019, March 18",2.490.000đ,6.990.000đ,a_old ,6 GB,64 GB,4000,Android 9.0,Exynos 9610,"6.4""",1080x2340 pixels,1080p,2,25 MP,8 MP,,,25 MP,25MP,,LTE,https://www.gsmarena.com/samsung_galaxy_a50-9554.php
Xiaomi,Xiaomi Poco M5,,"2022, September 13",3.090.000đ,4.690.000đ,a_like_new ,6 GB,128 GB,5000,Android 12,Helio G99,"6.58""",1080x2408 pixels,1080p,2,50 MP,,2 MP,,50 MP,5MP,,LTE,https://www.gsmarena.com/xiaomi_poco_m5-11850.php
Asus,Asus ROG Phone 5s,,"2021, August 26",9.190.000đ,20.990.000đ,a_old ,16 GB,256 GB,6000,Android 11,Snapdragon 888+ 5G,"6.78""",1080x2448 pixels,4320p,3,64 MP,13 MP,5 MP,,64 MP,24MP,Yes,5G,https://www.gsmarena.com/asus_rog_phone_5s-11054.php
Xiaomi,Xiaomi 12T,,"2022, October 06",6.590.000đ,12.490.000đ,a_like_new ,8 GB,128 GB,5000,Android 12,Dimensity 8100 Ultra,"6.67""",1220x2712 pixels,2160p,3,108 MP,8 MP,2 MP,,108 MP,20MP,,5G,https://www.gsmarena.com/xiaomi_12t-11888.php
Nokia,Nokia 8210,,1999,890.000đ,1.490.000đ,a_like_new ,,128 MB,650,Feature phone,,,5 lines,No video recorder,0,,,,,,,,GSM,https://www.gsmarena.com/nokia_8210-19.php
Samsung,Samsung Galaxy A23 5G,,"2022, September 02",2.890.000đ,5.690.000đ,a_like_new ,4 GB,128 GB,5000,Android 12,Snapdragon 695 5G,"6.6""",1080x2408 pixels,1080p,3,50 MP,5 MP,2 MP,,50 MP,8MP,,5G,https://www.gsmarena.com/samsung_galaxy_a23_5g-11736.php
Samsung,Samsung Galaxy Z Fold3 5G,,"2021, August 27",12.490.000đ,44.990.000đ,a_like_new ,12 GB,256 GB,4400,Android 11,Snapdragon 888 5G,"7.6""",1768x2208 pixels,2160p,3,12 MP,12 MP,,12 MP,12 MP,4MP,Yes,5G,https://www.gsmarena.com/samsung_galaxy_z_fold3_5g-10906.php
Samsung,Samsung Galaxy A53 5G,,"2022, March 24",3.690.000đ,9.990.000đ,a_old ,8 GB,128 GB,5000,Android 12,Exynos 1280,"6.5""",1080x2400 pixels,2160p,3,64 MP,12 MP,5 MP,,64 MP,32MP,Yes,5G,https://www.gsmarena.com/samsung_galaxy_a53_5g-11268.php
Samsung,Samsung Galaxy S23 Ultra,,"2023, February 17",21.290.000đ,36.990.000đ,a_new ,12 GB,512 GB,5000,Android 13,Snapdragon 8 Gen 2,"6.8""",1440x3088 pixels,4320p,4,200 MP,12 MP,,10 MP,200 MP,12MP,Yes,5G,https://www.gsmarena.com/samsung_galaxy_s23_ultra-12024.php
Oppo,Oppo Reno12,,"2024, June 25",9.590.000đ,12.990.000đ,a_like_new ,12 GB,256 GB,5000,Android 14,Dimensity 7300 Energy,"6.7""",1080x2412 pixels,2160p,3,50 MP,8 MP,2 MP,,50 MP,32MP,Yes,5G,https://www.gsmarena.com/oppo_reno12-13133.php
Xiaomi,Xiaomi Redmi 13C 5G,,"2023, December 16",1.990.000đ,3.490.000đ,a_old ,6 GB,128 GB,5000,Android 13,Dimensity 6100+,"6.74""",720x1600 pixels,1080p,1,50 MP,,,,50 MP,5MP,Yes,5G,https://www.gsmarena.com/xiaomi_redmi_13c_5g-12726.php
Samsung,Samsung Galaxy A55,,"2024, March 15",7.090.000đ,9.990.000đ,a_like_new ,8 GB,128 GB,5000,Android 14,Exynos 1480,"6.6""",1080x2340 pixels,2160p,3,50 MP,12 MP,5 MP,,50 MP,32MP,Yes,5G,https://www.gsmarena.com/samsung_galaxy_a55-12824.php
Zte,Zte Blade A72 5G,,"2022, June 10",1.290.000đ,2.490.000đ,a_like_new ,3 GB,128 GB,4000,Android 11,Dimensity 700,"6.52""",720x1600 pixels,1080p,2,13 MP,,2 MP,,13 MP,5MP,,5G,https://www.gsmarena.com/zte_blade_a72_5g-11958.php
Apple,Apple iPhone 8 Plus,,"2017, September 22",6.990.000đ,16.000.000đ,a_like_new ,3 GB,128 GB,2691,iOS 11,Apple A11 Bionic,"5.5""",1080x1920 pixels,2160p,2,12 MP,,,12 MP,12 MP,7MP,Yes,LTE,https://www.gsmarena.com/apple_iphone_8_plus-8131.php
Xiaomi,Xiaomi Poco X6 Pro,,"2024, January 12",6.390.000đ,9.990.000đ,a_like_new ,8 GB,256 GB,5000,Android 14,Dimensity 8300 Ultra,"6.67""",1220x2712 pixels,2160p,3,64 MP,8 MP,2 MP,,64 MP,16MP,Yes,5G,https://www.gsmarena.com/xiaomi_poco_x6_pro-12717.php
Xiaomi,Xiaomi Redmi 13C 5G,,"2023, December 16",2.290.000đ,3.490.000đ,a_like_new ,6 GB,128 GB,5000,Android 13,Dimensity 6100+,"6.74""",720x1600 pixels,1080p,1,50 MP,,,,50 MP,5MP,Yes,5G,https://www.gsmarena.com/xiaomi_redmi_13c_5g-12726.php
Apple,Apple iPhone 6s Plus,,"2015, September 25",2.490.000đ,18.590.000đ,a_old ,2 GB,64 GB,2750,iOS 9,Apple A9 (14,"5.5""",1080x1920 pixels,2160p,0,,,,,,5MP,Yes,LTE,https://www.gsmarena.com/apple_iphone_6s_plus-7243.php
Samsung,Samsung Galaxy A73 5G,,"2022, April 22",5.990.000đ,12.990.000đ,a_like_new ,8 GB,128 GB,5000,Android 12,Snapdragon 778G 5G,"6.7""",1080x2400 pixels,2160p,3,108 MP,12 MP,5 MP,,108 MP,32MP,Yes,5G,https://www.gsmarena.com/samsung_galaxy_a73_5g-11257.php
Apple,Apple iPhone 15 Pro Max,,"2023, September 22",Giá Liên Hệ,34.990.000đ,a_new ,8 GB,256 GB,4441,iOS 17,Apple A17 Pro,"6.7""",1290x2796 pixels,2160p,3,48 MP,12 MP,,12 MP,48 MP,12MP,Yes,5G,https://www.gsmarena.com/apple_iphone_15_pro_max-12548.php
Samsung,Samsung Galaxy S24+,,"2024, January 24",18.090.000đ,26.990.000đ,a_new ,12 GB,256 GB,4900,Android 14,Snapdragon 8 Gen 3,"6.7""",1440x3120 pixels,4320p,3,50 MP,12 MP,,10 MP,50 MP,12MP,Yes,5G,https://www.gsmarena.com/samsung_galaxy_s24+-12772.php
Apple,Apple iPhone 7 Plus,,"2016, September 16",3.290.000đ,9.990.000đ,a_old ,3 GB,32 GB,2900,iOS 10.0.1,Apple A10 Fusion,"5.5""",1080x1920 pixels,2160p,2,12 MP,,,12 MP,12 MP,7MP,Yes,LTE,https://www.gsmarena.com/apple_iphone_7_plus-8065.php
Zte,Zte Blade V50 Design,,"2023, August",2.190.000đ,2.990.000đ,a_new ,8GB,128 GB,4500,Android 13,Unisoc T760,"6.6""",1080x2408 pixels,1080p,1,50 MP,,,,50 MP,8MP,,5G,https://www.gsmarena.com/zte_blade_v50_design-12615.php
Asus,Asus ROG Phone 6,,"2022, July 13",10.990.000đ,18.990.000đ,a_like_new ,12 GB,256 GB,6000,Android 12,Snapdragon 8+ Gen 1,"6.78""",1080x2448 pixels,4320p,3,50 MP,13 MP,5 MP,,50 MP,12MP,Yes,5G,https://www.gsmarena.com/asus_rog_phone_6-11647.php
Samsung,Samsung Galaxy M14,,"2023, March 08",2.790.000đ,5.290.000đ,a_like_new ,4 GB,128 GB,6000,Android 13,Exynos 1330,"6.6""",1080x2408 pixels,1080p,2,50 MP,,2 MP,,50 MP,13MP,,5G,https://www.gsmarena.com/samsung_galaxy_m14-12160.php
Apple,Apple iPhone 8,,"2017, September 22",2.990.000đ,14.500.000đ,a_old ,2 GB,64 GB,1821,iOS 11,Apple A11 Bionic,"4.7""",750x1334 pixels,2160p,1,12 MP,,,,12 MP,7MP,Yes,LTE,https://www.gsmarena.com/apple_iphone_8-8573.php
Xiaomi,Xiaomi Redmi Note 12,,"2023, January 11",3.290.000đ,4.990.000đ,a_new ,4 GB,128 GB,5000,Android 12,Snapdragon 4 Gen 1,"6.67""",1080x2400 pixels,1080p,3,48 MP,8 MP,2 MP,,48 MP,13MP,Yes,5G,https://www.gsmarena.com/xiaomi_redmi_note_12-12063.php
Xiaomi,Xiaomi Redmi 12C,,"2023, January 01",2.190.000đ,3.590.000đ,a_like_new ,4 GB,128 GB,5000,Android 12,Helio G85,"6.71""",720x1650 pixels,1080p,1,50 MP,,,,50 MP,5MP,,LTE,https://www.gsmarena.com/xiaomi_redmi_12c-12051.php
Xiaomi,Xiaomi Poco M5,,"2022, September 13",2.590.000đ,4.690.000đ,a_new ,6 GB,128 GB,5000,Android 12,Helio G99,"6.58""",1080x2408 pixels,1080p,2,50 MP,,2 MP,,50 MP,5MP,,LTE,https://www.gsmarena.com/xiaomi_poco_m5-11850.php
Samsung,Samsung Galaxy A34,,"2023, March 24",5.240.000đ,8.490.000đ,a_new ,8 GB,128 GB,5000,Android 13,Dimensity 1080,"6.6""",1080x2340 pixels,2160p,3,48 MP,8 MP,5 MP,,48 MP,13MP,Yes,5G,https://www.gsmarena.com/samsung_galaxy_a34-12074.php
Xiaomi,Xiaomi 12,,"2021, December 31",6.790.000đ,19.990.000đ,a_like_new ,8 GB,256 GB,4500,Android 12,Snapdragon 8 Gen 1,"6.28""",1080x2400 pixels,4320p,4,50 MP,13 MP,5 MP,5 MP,50 MP,32MP,,5G,https://www.gsmarena.com/xiaomi_12-11285.php
Samsung,Samsung Galaxy S24 Ultra,,"2024, January 24",31.790.000đ,44.490.000đ,a_new ,12 GB,1 TB,5000,Android 14,Snapdragon 8 Gen 3,"6.8""",1440x3120 pixels,4320p,4,200 MP,12 MP,,50 MP,200 MP,12MP,Yes,5G,https://www.gsmarena.com/samsung_galaxy_s24_ultra-12771.php
Xiaomi,Xiaomi Redmi Note 10S,,"2021, April 28",3.090.000đ,6.490.000đ,a_old ,8 GB,128 GB,5000,Android 11,MT6785V,"6.43""",1080x2400 pixels,2160p,3,64 MP,8 MP,2 MP,,64 MP,13MP,Yes,LTE,https://www.gsmarena.com/xiaomi_redmi_note_10s-10769.php
Xiaomi,Xiaomi Redmi A3,,"2024, February 23",Giá Liên Hệ,2.990.000đ,a_new ,4 GB,128 GB,5000,Android 14,Helio G36,"6.71""",720x1650 pixels,1080p,1,8 MP,,,,8 MP,5MP,,LTE,https://www.gsmarena.com/xiaomi_redmi_a3-12822.php
Xiaomi,Xiaomi Redmi Note 12,,"2023, January 11",2.990.000đ,5.790.000đ,a_old ,8 GB,128 GB,5000,Android 12,Snapdragon 4 Gen 1,"6.67""",1080x2400 pixels,1080p,3,48 MP,8 MP,2 MP,,48 MP,13MP,Yes,5G,https://www.gsmarena.com/xiaomi_redmi_note_12-12063.php
Apple,Apple iPhone 13,,"2021, September 24",14.590.000đ,20.290.000đ,a_new ,4 GB,256 GB,3240,iOS 15,Apple A15 Bionic,"6.1""",1170x2532 pixels,2160p,2,12 MP,12 MP,,,12 MP,12MP,Yes,5G,https://www.gsmarena.com/apple_iphone_13-11103.php
Samsung,Samsung Galaxy Z Flip3 5G,,"2021, August 27",5.990.000đ,26.990.000đ,a_old ,8 GB,256 GB,3300,Android 11,Snapdragon 888 5G,"6.7""",1080x2640 pixels,2160p,2,12 MP,12 MP,,,12 MP,10MP,Yes,5G,https://www.gsmarena.com/samsung_galaxy_z_flip3_5g-11044.php
Oppo,Oppo Reno11,,"2024, January 25",6.790.000đ,9.050.000đ,a_old ,8 GB,256 GB,5000,Android 14,Dimensity 7050,"6.7""",1080x2412 pixels,2160p,3,50 MP,8 MP,,32 MP,50 MP,32MP,,5G,https://www.gsmarena.com/oppo_reno11-12791.php
Nokia,Nokia 110,,"2012, June",450.000đ,710.000đ,a_old ,,128 MB,1020,Feature phone,,"1.8""",128x160 pixels,144p,0,,,,,,No,,GSM,https://www.gsmarena.com/nokia_110-4755.php
Infinix,Infinix Note 30,,"2023, May 22",2.590.000đ,4.690.000đ,a_like_new ,8GB,256 GB,5000,Android 13,Helio G99,"6.78""",1080x2460 pixels,1440p,1,64 MP,,,,64 MP,16MP,,LTE,https://www.gsmarena.com/infinix_note_30-12288.php
Xiaomi,Xiaomi Redmi Note 10 5G,,"2021, April 28",1.890.000đ,5.490.000đ,a_old ,4 GB,64 GB,5000,Android 11,Dimensity 700,"6.5""",1080x2400 pixels,1080p,2,48 MP,,2 MP,,48 MP,8MP,,5G,https://www.gsmarena.com/xiaomi_redmi_note_10_5g-10768.php
Samsung,Samsung Galaxy A52 5G,,"2021, March 19",2.890.000đ,9.290.000đ,a_like_new ,8 GB,128 GB,4500,Android 11,Snapdragon 750G 5G,"6.5""",1080x2400 pixels,2160p,3,64 MP,12 MP,5 MP,,64 MP,32MP,Yes,5G,https://www.gsmarena.com/samsung_galaxy_a52_5g-10631.php
Xiaomi,Xiaomi Poco X3 GT,,"2021, August 19",2.790.000đ,7.990.000đ,a_old ,8 GB,128 GB,5000,Android 11,Dimensity 1100,"6.6""",1080x2400 pixels,2160p,3,64 MP,8 MP,2 MP,,64 MP,16MP,Yes,5G,https://www.gsmarena.com/xiaomi_poco_x3_gt-10949.php
Samsung,Samsung Galaxy S22+ 5G,,"2022, February 25",8.990.000đ,25.990.000đ,a_old ,8 GB,128 GB,4500,Android 12,Exynos 2200,"6.6""",1080x2340 pixels,4320p,3,50 MP,12 MP,,10 MP,50 MP,10MP,Yes,5G,https://www.gsmarena.com/samsung_galaxy_s22+_5g-11252.php
Samsung,Samsung Galaxy A54,,"2023, March 24",6.140.000đ,10.490.000đ,a_like_new ,8 GB,256 GB,5000,Android 13,Exynos 1380,"6.4""",1080x2340 pixels,2160p,3,50 MP,12 MP,5 MP,,50 MP,32MP,Yes,5G,https://www.gsmarena.com/samsung_galaxy_a54-12070.php
Samsung,Samsung Galaxy S21 Ultra 5G,,"2021, January 29",10.090.000đ,33.990.000đ,a_like_new ,12 GB,256 GB,5000,Android 11,Exynos 2100,"6.8""",1440x3200 pixels,4320p,4,108 MP,12 MP,,10 MP,108 MP,40MP,Yes,5G,https://www.gsmarena.com/samsung_galaxy_s21_ultra_5g-10596.php
Oppo,Oppo Reno10,,"2023, July 15",5.490.000đ,10.990.000đ,a_old ,8 GB,256 GB,5000,Android 13,Dimensity 7050,"6.7""",1080x2412 pixels,2160p,3,64 MP,8 MP,,32 MP,64 MP,32MP,,5G,https://www.gsmarena.com/oppo_reno10-12414.php
Infinix,Infinix Hot 30i,,"2023, March 31",Giá Liên Hệ,3.290.000đ,a_old ,8GB,128 GB,5000,Android 12,Unisoc T606,"6.56""",720x1612 pixels,1080p,1,13 MP,,,,13 MP,8MP,,LTE,https://www.gsmarena.com/infinix_hot_30i-12216.php
Samsung,Samsung Galaxy A73 5G,,"2022, April 22",5.490.000đ,12.990.000đ,a_old ,8 GB,128 GB,5000,Android 12,Snapdragon 778G 5G,"6.7""",1080x2400 pixels,2160p,3,108 MP,12 MP,5 MP,,108 MP,32MP,Yes,5G,https://www.gsmarena.com/samsung_galaxy_a73_5g-11257.php
Tecno,Tecno Pova 5,,"2023, July",2.990.000đ,4.490.000đ,a_like_new ,8 GB,128 GB,6000,Android 13,Helio G99,"6.78""",1080x2460 pixels,1440p,1,50 MP,,,,50 MP,8MP,,LTE,https://www.gsmarena.com/tecno_pova_5-12393.php
Samsung,Samsung Galaxy M34 5G,,"2023, July 15",4.290.000đ,7.990.000đ,a_like_new ,8 GB,128 GB,6000,Android 13,Exynos 1280,"6.5""",1080x2340 pixels,2160p,2,50 MP,8 MP,,,50 MP,13MP,,5G,https://www.gsmarena.com/samsung_galaxy_m34_5g-11290.php
Vivo,Vivo Y02,,"2022, November 29",1.290.000đ,2.790.000đ,a_old ,2 GB,32 GB,5000,Android 12,Helio P22,"6.51""",720x1600 pixels,1080p,0,,,,,,5MP,,LTE,https://www.gsmarena.com/vivo_y02-12003.php
Xiaomi,Xiaomi Redmi Note 11 Pro 5G,,"2022, February 18",3.290.000đ,7.490.000đ,a_old ,8 GB,128 GB,5000,Android 11,Snapdragon 695 5G,"6.67""",1080x2400 pixels,1080p,3,108 MP,8 MP,2 MP,,108 MP,16MP,Yes,5G,https://www.gsmarena.com/xiaomi_redmi_note_11_pro_5g-11333.php
Samsung,Samsung Galaxy S24+,,"2024, January 24",Giá Liên Hệ,26.990.000đ,a_like_new ,12 GB,256 GB,4900,Android 14,Snapdragon 8 Gen 3,"6.7""",1440x3120 pixels,4320p,3,50 MP,12 MP,,10 MP,50 MP,12MP,Yes,5G,https://www.gsmarena.com/samsung_galaxy_s24+-12772.php
Oppo,Oppo A17k,,"2022, October 18",1.490.000đ,3.290.000đ,a_old ,3 GB,64 GB,5000,Android 12,Helio G35,"6.56""",720x1612 pixels,1080p,1,8 MP,,,,8 MP,5MP,Yes,LTE,https://www.gsmarena.com/oppo_a17k-11936.php
Apple,Apple iPhone 7,,"2016, September 16",3.090.000đ,13.000.000đ,a_like_new ,2 GB,128 GB,1960,iOS 10.0.1,Apple A10 Fusion,"4.7""",750x1334 pixels,2160p,1,12 MP,,,,12 MP,7MP,Yes,LTE,https://www.gsmarena.com/apple_iphone_7-8064.php
Xiaomi,Xiaomi Redmi 10C,,"2022, March 23",1.290.000đ,3.890.000đ,a_old ,4 GB,128 GB,5000,Android 11,Snapdragon 680 4G,"6.71""",720x1650 pixels,1080p,1,50 MP,,,,50 MP,5MP,,LTE,https://www.gsmarena.com/xiaomi_redmi_10c-11418.php
Samsung,Samsung Galaxy A34,,"2023, March 24",4.740.000đ,8.490.000đ,a_like_new ,8 GB,128 GB,5000,Android 13,Dimensity 1080,"6.6""",1080x2340 pixels,2160p,3,48 MP,8 MP,5 MP,,48 MP,13MP,Yes,5G,https://www.gsmarena.com/samsung_galaxy_a34-12074.php
Samsung,Samsung Galaxy S24 Ultra,,"2024, January 24",26.090.000đ,37.490.000đ,a_new ,12 GB,512 GB,5000,Android 14,Snapdragon 8 Gen 3,"6.8""",1440x3120 pixels,4320p,4,200 MP,12 MP,,50 MP,200 MP,12MP,Yes,5G,https://www.gsmarena.com/samsung_galaxy_s24_ultra-12771.php
Xiaomi,Xiaomi Poco X6 Pro,,"2024, January 12",Giá Liên Hệ,9.990.000đ,a_old ,8 GB,256 GB,5000,Android 14,Dimensity 8300 Ultra,"6.67""",1220x2712 pixels,2160p,3,64 MP,8 MP,2 MP,,64 MP,16MP,Yes,5G,https://www.gsmarena.com/xiaomi_poco_x6_pro-12717.php
Samsung,Samsung Galaxy A54,,"2023, March 24",5.040.000đ,10.490.000đ,a_old ,8 GB,128 GB,5000,Android 13,Exynos 1380,"6.4""",1080x2340 pixels,2160p,3,50 MP,12 MP,5 MP,,50 MP,32MP,Yes,5G,https://www.gsmarena.com/samsung_galaxy_a54-12070.php
Nokia,Nokia 220,,"2014, February",550.000đ,990.000đ,a_like_new ,,128 MB,1100,Feature phone,,"2.4""",240x320 pixels,240p,0,,,,,,No,,GSM,https://www.gsmarena.com/nokia_220-6150.php
Apple,Apple iPhone 6s,,"2015, September 25",2.690.000đ,14.590.000đ,a_like_new ,2 GB,64 GB,1715,iOS 9,Apple A9 (14,"4.7""",750x1334 pixels,2160p,0,,,,,,5MP,Yes,LTE,https://www.gsmarena.com/apple_iphone_6s-7242.php
Samsung,Samsung Galaxy Z Flip3 5G,,"2021, August 27",5.990.000đ,26.990.000đ,a_old ,8 GB,128 GB,3300,Android 11,Snapdragon 888 5G,"6.7""",1080x2640 pixels,2160p,2,12 MP,12 MP,,,12 MP,10MP,Yes,5G,https://www.gsmarena.com/samsung_galaxy_z_flip3_5g-11044.php
Samsung,Samsung Galaxy S24 Ultra,,"2024, January 24",Giá Liên Hệ,44.490.000đ,a_like_new ,12 GB,1 TB,5000,Android 14,Snapdragon 8 Gen 3,"6.8""",1440x3120 pixels,4320p,4,200 MP,12 MP,,50 MP,200 MP,12MP,Yes,5G,https://www.gsmarena.com/samsung_galaxy_s24_ultra-12771.php
Samsung,Samsung Galaxy Z Flip3 5G,,"2021, August 27",6.490.000đ,24.990.000đ,a_like_new ,8 GB,128 GB,3300,Android 11,Snapdragon 888 5G,"6.7""",1080x2640 pixels,2160p,2,12 MP,12 MP,,,12 MP,10MP,Yes,5G,https://www.gsmarena.com/samsung_galaxy_z_flip3_5g-11044.php
Xiaomi,Xiaomi Redmi Note 11 Pro 5G,,"2022, February 18",3.290.000đ,8.990.000đ,a_old ,8 GB,128 GB,5000,Android 11,Snapdragon 695 5G,"6.67""",1080x2400 pixels,1080p,3,108 MP,8 MP,2 MP,,108 MP,16MP,Yes,5G,https://www.gsmarena.com/xiaomi_redmi_note_11_pro_5g-11333.php
Zte,Zte Blade A52,,"2022, June 10",1.290.000đ,2.290.000đ,a_new ,3 GB,64 GB,5000,Android 11,Unisoc SC9863A,"6.52""",720x1600 pixels,1080p,1,,,2 MP,,,5MP,,LTE,https://www.gsmarena.com/zte_blade_a52-11611.php
Infinix,Infinix Hot 40 Pro,,"2023, December",3.090.000đ,4.290.000đ,a_new ,8 GB,256 GB,5000,Android 13,Helio G99,"6.78""",1080x2460 pixels,1440p,2,108 MP,,2 MP,,108 MP,32MP,,LTE,https://www.gsmarena.com/infinix_hot_40_pro-12733.php
Samsung,Samsung Galaxy A12,,"2020, December 21",2.090.000đ,4.290.000đ,a_old ,4 GB,128 GB,5000,Android 10,Helio P35,"6.5""",720x1600 pixels,1080p,3,48 MP,5 MP,2 MP,,48 MP,8MP,,LTE,https://www.gsmarena.com/samsung_galaxy_a12-10604.php
Xiaomi,Xiaomi 12T Pro,,"2022, October 06",7.990.000đ,16.990.000đ,a_old ,12 GB,256 GB,5000,Android 12,Snapdragon 8+ Gen 1,"6.67""",1220x2712 pixels,4320p,3,200 MP,8 MP,2 MP,,200 MP,20MP,Yes,5G,https://www.gsmarena.com/xiaomi_12t_pro-11887.php
Nokia,Nokia 110,,"2012, June",350.000đ,850.000đ,a_old ,,128 MB,1020,Feature phone,,"1.8""",128x160 pixels,144p,0,,,,,,No,,GSM,https://www.gsmarena.com/nokia_110-4755.php
Apple,Apple iPhone XS Max,,"2018, September 21",7.990.000đ,28.500.000đ,a_old ,4 GB,512 GB,3174,iOS 12,Apple A12 Bionic,"6.5""",1242x2688 pixels,2160p,2,12 MP,,,12 MP,12 MP,7MP,Yes,LTE,https://www.gsmarena.com/apple_iphone_xs_max-9319.php
Apple,Apple iPhone 12 mini,,"2020, November 13",7.990.000đ,18.990.000đ,a_old ,4 GB,128 GB,2227,iOS 14.1,Apple A14 Bionic,"5.4""",1080x2340 pixels,2160p,2,12 MP,12 MP,,,12 MP,12MP,Yes,5G,https://www.gsmarena.com/apple_iphone_12_mini-10510.php
Apple,Apple iPhone 14 Plus,,"2022, October 07",Giá Liên Hệ,22.990.000đ,a_new ,6 GB,128 GB,4323,iOS 16,Apple A15 Bionic,"6.7""",1284x2778 pixels,2160p,2,12 MP,12 MP,,,12 MP,12MP,Yes,5G,https://www.gsmarena.com/apple_iphone_14_plus-11862.php
Nokia,Nokia 105,,"2013, May",250.000đ,820.000đ,a_old ,,128 MB,800,Feature phone,,"1.45""",128x128 pixels,No video recorder,0,,,,,,,Yes,GSM,https://www.gsmarena.com/nokia_105-5324.php
Samsung,Samsung Galaxy Z Flip3 5G,,"2021, August 27",6.990.000đ,26.990.000đ,a_like_new ,8 GB,256 GB,3300,Android 11,Snapdragon 888 5G,"6.7""",1080x2640 pixels,2160p,2,12 MP,12 MP,,,12 MP,10MP,Yes,5G,https://www.gsmarena.com/samsung_galaxy_z_flip3_5g-11044.php
Apple,Apple iPhone 14 Pro,,"2022, September 16",21.390.000đ,39.990.000đ,a_old ,6 GB,1 TB,3200,iOS 16,Apple A16 Bionic,"6.1""",1179x2556 pixels,2160p,3,48 MP,12 MP,,12 MP,48 MP,12MP,Yes,5G,https://www.gsmarena.com/apple_iphone_14_pro-11860.php
Asus,Asus ROG Phone 6,,"2022, July 13",12.390.000đ,20.990.000đ,a_old ,16 GB,512 GB,6000,Android 12,Snapdragon 8+ Gen 1,"6.78""",1080x2448 pixels,4320p,3,50 MP,13 MP,5 MP,,50 MP,12MP,Yes,5G,https://www.gsmarena.com/asus_rog_phone_6-11647.php
Samsung,Samsung Galaxy A05,,"2023, October 15",2.090.000đ,3.090.000đ,a_like_new ,4 GB,128 GB,5000,Android 13,Helio G85,"6.7""",720x1600 pixels,1080p,1,50 MP,,,,50 MP,8MP,,LTE,https://www.gsmarena.com/samsung_galaxy_a05-12583.php
Vivo,Vivo V27e,,"2023, March 01",5.190.000đ,8.990.000đ,a_new ,8 GB,256 GB,4600,Android 13,Helio G99,"6.62""",1080x2400 pixels,2160p,2,64 MP,,2 MP,,64 MP,32MP,Yes,LTE,https://www.gsmarena.com/vivo_v27e-12118.php
Xiaomi,Xiaomi Poco X6 Pro,,"2024, January 12",5.390.000đ,9.990.000đ,a_old ,8 GB,256 GB,5000,Android 14,Dimensity 8300 Ultra,"6.67""",1220x2712 pixels,2160p,3,64 MP,8 MP,2 MP,,64 MP,16MP,Yes,5G,https://www.gsmarena.com/xiaomi_poco_x6_pro-12717.php
Oppo,Oppo A54 5G,,"2021, April 14",2.490.000đ,4.690.000đ,a_like_new ,4 GB,128 GB,5000,Android 11,Snapdragon 480 5G,"6.5""",1080x2400 pixels,1080p,3,48 MP,8 MP,2 MP,,48 MP,16MP,,5G,https://www.gsmarena.com/oppo_a54_5g-10866.php
Xiaomi,Xiaomi Redmi Note 11 Pro+ 5G,,"2021, November 01",4.590.000đ,9.990.000đ,a_like_new ,8 GB,256 GB,4500,Android 11,Dimensity 920,"6.67""",1080x2400 pixels,2160p,3,108 MP,8 MP,2 MP,,108 MP,16MP,Yes,5G,https://www.gsmarena.com/xiaomi_redmi_note_11_pro+_5g-11180.php
Samsung,Samsung Galaxy A53 5G,,"2022, March 24",4.490.000đ,9.990.000đ,a_like_new ,8 GB,128 GB,5000,Android 12,Exynos 1280,"6.5""",1080x2400 pixels,2160p,3,64 MP,12 MP,5 MP,,64 MP,32MP,Yes,5G,https://www.gsmarena.com/samsung_galaxy_a53_5g-11268.php
Samsung,Samsung Galaxy A52s 5G,,"2021, September 01",3.690.000đ,9.290.000đ,a_like_new ,8 GB,128 GB,4500,Android 11,Snapdragon 778G 5G,"6.5""",1080x2400 pixels,2160p,3,64 MP,12 MP,5 MP,,64 MP,32MP,Yes,5G,https://www.gsmarena.com/samsung_galaxy_a52s_5g-11039.php
Apple,Apple iPhone 14 Plus,,"2022, October 07",Giá Liên Hệ,22.990.000đ,a_old ,6 GB,128 GB,4323,iOS 16,Apple A15 Bionic,"6.7""",1284x2778 pixels,2160p,2,12 MP,12 MP,,,12 MP,12MP,Yes,5G,https://www.gsmarena.com/apple_iphone_14_plus-11862.php
Tecno,Tecno Pova 5,,"2023, July",2.690.000đ,4.490.000đ,a_old ,8 GB,128 GB,6000,Android 13,Helio G99,"6.78""",1080x2460 pixels,1440p,1,50 MP,,,,50 MP,8MP,,LTE,https://www.gsmarena.com/tecno_pova_5-12393.php
Xiaomi,Xiaomi Redmi Note 11 Pro 5G,,"2022, February 18",3.590.000đ,7.490.000đ,a_old ,8 GB,128 GB,5000,Android 11,Snapdragon 695 5G,"6.67""",1080x2400 pixels,1080p,3,108 MP,8 MP,2 MP,,108 MP,16MP,Yes,5G,https://www.gsmarena.com/xiaomi_redmi_note_11_pro_5g-11333.php
Realme,Realme C33,,"2022, September 12",1.890.000đ,3.990.000đ,a_like_new ,4 GB,64 GB,5000,Android 12,Unisoc Tiger T612,"6.5""",720x1600 pixels,1080p,1,50 MP,,,,50 MP,5MP,,LTE,https://www.gsmarena.com/realme_c33-11849.php
Xiaomi,Xiaomi Mi 10T Pro 5G,,"2020, October 13",3.990.000đ,12.990.000đ,a_old ,8 GB,256 GB,5000,Android 10,Snapdragon 865 5G,"6.67""",1080x2400 pixels,4320p,3,108 MP,13 MP,5 MP,,108 MP,20MP,,5G,https://www.gsmarena.com/xiaomi_mi_10t_pro_5g-10437.php
Xiaomi,Xiaomi Redmi Note 12,,"2023, January 11",3.290.000đ,4.990.000đ,a_like_new ,8 GB,128 GB,5000,Android 12,Snapdragon 4 Gen 1,"6.67""",1080x2400 pixels,1080p,3,48 MP,8 MP,2 MP,,48 MP,13MP,Yes,5G,https://www.gsmarena.com/xiaomi_redmi_note_12-12063.php
Xiaomi,Xiaomi Redmi Note 10 5G,,"2021, April 28",3.990.000đ,5.490.000đ,a_like_new ,6 GB,128 GB,5000,Android 11,Dimensity 700,"6.5""",1080x2400 pixels,1080p,2,48 MP,,2 MP,,48 MP,8MP,,5G,https://www.gsmarena.com/xiaomi_redmi_note_10_5g-10768.php
Vivo,Vivo V30e,,"2024, May 09",7.890.000đ,10.490.000đ,a_new ,12 GB,256 GB,5500,Android 14,Snapdragon 6 Gen 1,"6.78""",1080x2400 pixels,2160p,2,50 MP,8 MP,,,50 MP,50MP,Yes,5G,https://www.gsmarena.com/vivo_v30e-12971.php
Tecno,Tecno Camon 30 5G,,"2024, April 02",5.090.000đ,6.990.000đ,a_new ,12 GB,256 GB,5000,Android 14,Dimensity 7020,"6.78""",1080x2436 pixels,2160p,1,50 MP,,,,50 MP,50MP,Yes,5G,https://www.gsmarena.com/tecno_camon_30_5g-12847.php
Samsung,Samsung Galaxy A12,,"2020, December 21",1.790.000đ,4.290.000đ,a_old ,4 GB,128 GB,5000,Android 10,Helio P35,"6.5""",720x1600 pixels,1080p,3,48 MP,5 MP,2 MP,,48 MP,8MP,,LTE,https://www.gsmarena.com/samsung_galaxy_a12-10604.php
Apple,Apple iPhone 12 Pro Max,,"2020, November 13",13.290.000đ,28.990.000đ,a_old ,6 GB,128 GB,3687,iOS 14.1,Apple A14 Bionic,"6.7""",1284x2778 pixels,2160p,3,12 MP,12 MP,,12 MP,12 MP,12MP,Yes,5G,https://www.gsmarena.com/apple_iphone_12_pro_max-10237.php
Apple,Apple iPhone 11,,"2019, September 20",8.990.000đ,13.990.000đ,a_new ,4 GB,128 GB,3110,iOS 13,Apple A13 Bionic,"6.1""",828x1792 pixels,2160p,2,12 MP,12 MP,,,12 MP,12MP,Yes,LTE,https://www.gsmarena.com/apple_iphone_11-9848.php
Samsung,Samsung Galaxy A52s 5G,,"2021, September 01",2.890.000đ,9.290.000đ,a_old ,8 GB,128 GB,4500,Android 11,Snapdragon 778G 5G,"6.5""",1080x2400 pixels,2160p,3,64 MP,12 MP,5 MP,,64 MP,32MP,Yes,5G,https://www.gsmarena.com/samsung_galaxy_a52s_5g-11039.php
Samsung,Samsung Galaxy S22 Ultra 5G,,"2022, February 25",14.790.000đ,36.990.000đ,a_like_new ,12 GB,512 GB,5000,Android 12,Exynos 2200,"6.8""",1440x3088 pixels,4320p,4,108 MP,12 MP,,10 MP,108 MP,40MP,Yes,5G,https://www.gsmarena.com/samsung_galaxy_s22_ultra_5g-11251.php
Apple,Apple iPhone XR,,"2018, October 26",5.690.000đ,16.990.000đ,a_old ,3 GB,128 GB,2942,iOS 12,Apple A12 Bionic,"6.1""",828x1792 pixels,2160p,1,12 MP,,,,12 MP,7MP,Yes,LTE,https://www.gsmarena.com/apple_iphone_xr-9320.php
Samsung,Samsung Galaxy M14,,"2023, March 08",2.490.000đ,5.290.000đ,a_old ,4 GB,128 GB,6000,Android 13,Exynos 1330,"6.6""",1080x2408 pixels,1080p,2,50 MP,,2 MP,,50 MP,13MP,,5G,https://www.gsmarena.com/samsung_galaxy_m14-12160.php
Xiaomi,Xiaomi Redmi 10A,,"2022, March 31",1.390.000đ,2.890.000đ,a_like_new ,2 GB,32 GB,5000,Android 11,Helio G25,"6.53""",720x1600 pixels,1080p,1,13 MP,,,,13 MP,5MP,,LTE,https://www.gsmarena.com/xiaomi_redmi_10a-11449.php
Tecno,Tecno Spark Go 2024,,"2023, December 07",1.590.000đ,2.190.000đ,a_new ,4GB,64 GB,5000,Android 13,Unisoc T606,"6.6""",720x1612 pixels,1080p,1,13 MP,,,,13 MP,8MP,,LTE,https://www.gsmarena.com/tecno_spark_go_2024-12702.php
Apple,Apple iPhone 12,,"2020, October 23",10.290.000đ,23.990.000đ,a_old ,4 GB,256 GB,2815,iOS 14.1,Apple A14 Bionic,"6.1""",1170x2532 pixels,2160p,2,12 MP,12 MP,,,12 MP,12MP,Yes,5G,https://www.gsmarena.com/apple_iphone_12-10509.php
Apple,Apple iPhone 13 Pro Max,,"2021, September 24",14.890.000đ,31.990.000đ,a_old ,6 GB,128 GB,4352,iOS 15,Apple A15 Bionic,"6.7""",1284x2778 pixels,2160p,3,12 MP,12 MP,,12 MP,12 MP,12MP,Yes,5G,https://www.gsmarena.com/apple_iphone_13_pro_max-11089.php
Oppo,Oppo Reno6 Z,,"2021, August 14",3.590.000đ,9.490.000đ,a_like_new ,8 GB,128 GB,4310,Android 11,Dimensity 800U,"6.4""",1080x2400 pixels,2160p,3,64 MP,8 MP,2 MP,,64 MP,32MP,,5G,https://www.gsmarena.com/oppo_reno6_z-10978.php
Samsung,Samsung Galaxy A55,,"2024, March 15",9.490.000đ,9.990.000đ,a_new ,12 GB,256 GB,5000,Android 14,Exynos 1480,"6.6""",1080x2340 pixels,2160p,3,50 MP,12 MP,5 MP,,50 MP,32MP,Yes,5G,https://www.gsmarena.com/samsung_galaxy_a55-12824.php
Samsung,Samsung Galaxy A14,,"2023, March 27",2.290.000đ,5.190.000đ,a_old ,4 GB,128 GB,5000,Android 13,Helio G80,"6.6""",1080x2408 pixels,1080p,3,50 MP,5 MP,2 MP,,50 MP,13MP,,LTE,https://www.gsmarena.com/samsung_galaxy_a14-12151.php
Xiaomi,Xiaomi Poco X6 Pro,,"2024, January 12",7.790.000đ,9.990.000đ,a_like_new ,12 GB,512 GB,5000,Android 14,Dimensity 8300 Ultra,"6.67""",1220x2712 pixels,2160p,3,64 MP,8 MP,2 MP,,64 MP,16MP,Yes,5G,https://www.gsmarena.com/xiaomi_poco_x6_pro-12717.php
Samsung,Samsung Galaxy A14,,"2023, March 27",2.890.000đ,5.190.000đ,a_old ,6 GB,128 GB,5000,Android 13,Helio G80,"6.6""",1080x2408 pixels,1080p,3,50 MP,5 MP,2 MP,,50 MP,13MP,,LTE,https://www.gsmarena.com/samsung_galaxy_a14-12151.php
Apple,Apple iPhone 13 Pro Max,,"2021, September 24",17.490.000đ,35.990.000đ,a_like_new ,6 GB,128 GB,4352,iOS 15,Apple A15 Bionic,"6.7""",1284x2778 pixels,2160p,3,12 MP,12 MP,,12 MP,12 MP,12MP,Yes,5G,https://www.gsmarena.com/apple_iphone_13_pro_max-11089.php
Apple,Apple iPhone 11 Pro Max,,"2019, September 20",11.690.000đ,35.000.000đ,a_old ,4 GB,512 GB,3969,iOS 13,Apple A13 Bionic,"6.5""",1242x2688 pixels,2160p,3,12 MP,12 MP,,12 MP,12 MP,12MP,Yes,LTE,https://www.gsmarena.com/apple_iphone_11_pro_max-9846.php
Samsung,Samsung Galaxy S24 Ultra,,"2024, January 24",Giá Liên Hệ,33.990.000đ,a_old ,12 GB,256 GB,5000,Android 14,Snapdragon 8 Gen 3,"6.8""",1440x3120 pixels,4320p,4,200 MP,12 MP,,50 MP,200 MP,12MP,Yes,5G,https://www.gsmarena.com/samsung_galaxy_s24_ultra-12771.php
Xiaomi,Xiaomi Redmi Note 11 Pro 5G,,"2022, February 18",4.390.000đ,7.490.000đ,a_new ,8 GB,128 GB,5000,Android 11,Snapdragon 695 5G,"6.67""",1080x2400 pixels,1080p,3,108 MP,8 MP,2 MP,,108 MP,16MP,Yes,5G,https://www.gsmarena.com/xiaomi_redmi_note_11_pro_5g-11333.php
Infinix,Infinix Note 40 Pro,,"2024, March 19",4.490.000đ,5.990.000đ,a_like_new ,8 GB,256 GB,5000,Android 14,Dimensity 7020,"6.78""",1080x2436 pixels,1440p,1,108 MP,,,,108 MP,32MP,Yes,5G,https://www.gsmarena.com/infinix_note_40_pro-12875.php
Xiaomi,Xiaomi Redmi Note 13 Pro+,,"2023, September 21",6.590.000đ,10.990.000đ,a_old ,8 GB,256 GB,5000,Android 13,Dimensity 7200 Ultra,"6.67""",1220x2712 pixels,2160p,3,200 MP,8 MP,2 MP,,200 MP,16MP,Yes,5G,https://www.gsmarena.com/xiaomi_redmi_note_13_pro+-12572.php
Vivo,Vivo V27e,,"2023, March 01",4.290.000đ,8.990.000đ,a_old ,8 GB,256 GB,4600,Android 13,Helio G99,"6.62""",1080x2400 pixels,2160p,2,64 MP,,2 MP,,64 MP,32MP,Yes,LTE,https://www.gsmarena.com/vivo_v27e-12118.php
Samsung,Samsung Galaxy Z Fold6,,"2024, July 24",36.990.000đ,47.990.000đ,a_new ,12 GB,512 GB,4400,Android 14,Snapdragon 8 Gen 3,"7.6""",1856x2160 pixels,4320p,3,50 MP,12 MP,,10 MP,50 MP,4MP,Yes,5G,https://www.gsmarena.com/samsung_galaxy_z_fold6-13147.php
Samsung,Samsung Galaxy A13,,"2022, March 23",1.690.000đ,4.190.000đ,a_old ,4 GB,128 GB,5000,Android 12,Exynos 850,"6.6""",1080x2408 pixels,1080p,3,50 MP,5 MP,2 MP,,50 MP,8MP,,LTE,https://www.gsmarena.com/samsung_galaxy_a13-11402.php
Apple,Apple iPhone 11,,"2019, September 20",8.890.000đ,13.990.000đ,a_new ,4 GB,128 GB,3110,iOS 13,Apple A13 Bionic,"6.1""",828x1792 pixels,2160p,2,12 MP,12 MP,,,12 MP,12MP,Yes,LTE,https://www.gsmarena.com/apple_iphone_11-9848.php
Oppo,Oppo Reno11 F,,"2024, February 08",5.490.000đ,8.990.000đ,a_old ,8 GB,256 GB,5000,Android 14,Dimensity 7050,"6.7""",1080x2412 pixels,2160p,3,64 MP,8 MP,2 MP,,64 MP,32MP,Yes,5G,https://www.gsmarena.com/oppo_reno11_f-12797.php
Infinix,Infinix Note 30,,"2023, May 22",3.790.000đ,5.290.000đ,a_new ,8GB,256 GB,5000,Android 13,Helio G99,"6.78""",1080x2460 pixels,1440p,1,64 MP,,,,64 MP,16MP,,LTE,https://www.gsmarena.com/infinix_note_30-12288.php
Xiaomi,Xiaomi 12T,,"2022, October 06",7.290.000đ,12.490.000đ,a_like_new ,8 GB,256 GB,5000,Android 12,Dimensity 8100 Ultra,"6.67""",1220x2712 pixels,2160p,3,108 MP,8 MP,2 MP,,108 MP,20MP,,5G,https://www.gsmarena.com/xiaomi_12t-11888.php
Xiaomi,Xiaomi Redmi Note 12,,"2023, January 11",3.690.000đ,4.990.000đ,a_like_new ,8 GB,256 GB,5000,Android 12,Snapdragon 4 Gen 1,"6.67""",1080x2400 pixels,1080p,3,48 MP,8 MP,2 MP,,48 MP,13MP,Yes,5G,https://www.gsmarena.com/xiaomi_redmi_note_12-12063.php
Nokia,Nokia 110,,"2012, June",500.000đ,710.000đ,a_like_new ,,128 MB,1020,Feature phone,,"1.8""",128x160 pixels,144p,0,,,,,,No,,GSM,https://www.gsmarena.com/nokia_110-4755.php
Samsung,Samsung Galaxy Z Flip5,,"2023, August 11",9.890.000đ,29.990.000đ,a_old ,8 GB,256 GB,3700,Android 13,Snapdragon 8 Gen 2,"6.7""",1080x2640 pixels,2160p,2,12 MP,12 MP,,,12 MP,10MP,Yes,5G,https://www.gsmarena.com/samsung_galaxy_z_flip5-12252.php
Nokia,Nokia 3210,,"2024, May 07",990.000đ,1.590.000đ,a_like_new ,,128 MB,1450,Feature phone,Unisoc T107,"2.4""",240x320 pixels,,0,,,,,,No,,LTE,https://www.gsmarena.com/nokia_3210-12990.php
Zte,Zte Blade V50 Design,,"2023, August",1.890.000đ,2.990.000đ,a_like_new ,8GB,128 GB,4500,Android 13,Unisoc T760,"6.6""",1080x2408 pixels,1080p,1,50 MP,,,,50 MP,8MP,,5G,https://www.gsmarena.com/zte_blade_v50_design-12615.php
Apple,Apple iPhone 14,,"2022, September 16",13.890.000đ,22.990.000đ,a_old ,6 GB,128 GB,3279,iOS 16,Apple A15 Bionic,"6.1""",1170x2532 pixels,2160p,2,12 MP,12 MP,,,12 MP,12MP,Yes,5G,https://www.gsmarena.com/apple_iphone_14-11861.php
Itel,Itel S23,,2023,1.890.000đ,3.990.000đ,a_new ,8 GB,256 GB,5000,Android 12,Unisoc T606,"6.6""",720x1612 pixels,1080p,1,50 MP,,,,50 MP,8MP,,LTE,https://www.gsmarena.com/itel_s23-12478.php
Samsung,Samsung Galaxy A32,,"2021, February 25",3.890.000đ,6.490.000đ,a_like_new ,6 GB,128 GB,5000,Android 11,MT6769V,"6.4""",1080x2400 pixels,1080p,3,64 MP,8 MP,5 MP,,64 MP,20MP,,LTE,https://www.gsmarena.com/samsung_galaxy_a32-10753.php
Samsung,Samsung Galaxy S21 Ultra 5G,,"2021, January 29",7.890.000đ,33.990.000đ,a_old ,12 GB,256 GB,5000,Android 11,Exynos 2100,"6.8""",1440x3200 pixels,4320p,4,108 MP,12 MP,,10 MP,108 MP,40MP,Yes,5G,https://www.gsmarena.com/samsung_galaxy_s21_ultra_5g-10596.php
Oppo,Oppo A98,,"2023, May 19",2.190.000đ,5.790.000đ,a_like_new ,8 GB,256 GB,5000,Android 13,Snapdragon 695 5G,"6.72""",1080x2400 pixels,1080p,1,64 MP,,,,64 MP,32MP,,5G,https://www.gsmarena.com/oppo_a98-11974.php
Xiaomi,Xiaomi Redmi 10C,,"2022, March 23",1.890.000đ,3.890.000đ,a_like_new ,4 GB,128 GB,5000,Android 11,Snapdragon 680 4G,"6.71""",720x1650 pixels,1080p,1,50 MP,,,,50 MP,5MP,,LTE,https://www.gsmarena.com/xiaomi_redmi_10c-11418.php
Vivo,Vivo V27e,,"2023, March 01",4.690.000đ,8.990.000đ,a_like_new ,8 GB,256 GB,4600,Android 13,Helio G99,"6.62""",1080x2400 pixels,2160p,2,64 MP,,2 MP,,64 MP,32MP,Yes,LTE,https://www.gsmarena.com/vivo_v27e-12118.php
Nokia,Nokia C31,,"2022, September 01",1.190.000đ,3.690.000đ,a_old ,4 GB,128 GB,5050,Android 12,Unisoc SC9863A,"6.75""",720x1600 pixels,1080p,2,13 MP,,2 MP,,13 MP,5MP,Yes,LTE,https://www.gsmarena.com/nokia_c31-11825.php
Samsung,Samsung Galaxy S22+ 5G,,"2022, February 25",10.690.000đ,25.990.000đ,a_like_new ,8 GB,256 GB,4500,Android 12,Exynos 2200,"6.6""",1080x2340 pixels,4320p,3,50 MP,12 MP,,10 MP,50 MP,10MP,Yes,5G,https://www.gsmarena.com/samsung_galaxy_s22+_5g-11252.php
Xiaomi,Xiaomi Redmi 10 5G,,"2022, September 23",2.190.000đ,3.650.000đ,a_like_new ,4 GB,64 GB,5000,Android 12,Dimensity 700,"6.58""",1080x2408 pixels,1080p,1,50 MP,,,,50 MP,5MP,,5G,https://www.gsmarena.com/xiaomi_redmi_10_5g-11425.php
Samsung,Samsung Galaxy A05s,,"2023, October 18",2.690.000đ,3.990.000đ,a_like_new ,4 GB,128 GB,5000,Android 13,Snapdragon 680 4G,"6.7""",1080x2400 pixels,1080p,2,50 MP,,2 MP,,50 MP,13MP,,LTE,https://www.gsmarena.com/samsung_galaxy_a05s-12584.php
Apple,Apple iPhone 13,,"2021, September 24",Giá Liên Hệ,17.290.000đ,a_new ,4 GB,128 GB,3240,iOS 15,Apple A15 Bionic,"6.1""",1170x2532 pixels,2160p,2,12 MP,12 MP,,,12 MP,12MP,Yes,5G,https://www.gsmarena.com/apple_iphone_13-11103.php
Samsung,Samsung Galaxy A33 5G,,"2022, April 20",3.890.000đ,7.290.000đ,a_like_new ,6 GB,128 GB,5000,Android 12,Exynos 1280,"6.4""",1080x2400 pixels,2160p,3,48 MP,8 MP,5 MP,,48 MP,13MP,Yes,5G,https://www.gsmarena.com/samsung_galaxy_a33_5g-11429.php
Xiaomi,Xiaomi Redmi Note 11 Pro+ 5G,,"2021, November 01",4.090.000đ,9.990.000đ,a_old ,8 GB,256 GB,4500,Android 11,Dimensity 920,"6.67""",1080x2400 pixels,2160p,3,108 MP,8 MP,2 MP,,108 MP,16MP,Yes,5G,https://www.gsmarena.com/xiaomi_redmi_note_11_pro+_5g-11180.php
Xiaomi,Xiaomi Redmi 10 5G,,"2022, September 23",1.690.000đ,3.650.000đ,a_old ,4 GB,128 GB,5000,Android 12,Dimensity 700,"6.58""",1080x2408 pixels,1080p,1,50 MP,,,,50 MP,5MP,,5G,https://www.gsmarena.com/xiaomi_redmi_10_5g-11425.php
Samsung,Samsung Galaxy S23 Ultra,,"2023, February 17",15.290.000đ,31.990.000đ,a_old ,8 GB,256 GB,5000,Android 13,Snapdragon 8 Gen 2,"6.8""",1440x3088 pixels,4320p,4,200 MP,12 MP,,10 MP,200 MP,12MP,Yes,5G,https://www.gsmarena.com/samsung_galaxy_s23_ultra-12024.php
Oppo,Oppo Find X5 Pro,,"2022, March 14",10.790.000đ,19.990.000đ,a_old ,12 GB,256 GB,5000,Android 12,Snapdragon 8 Gen 1,"6.7""",1440x3216 pixels,2160p,3,50 MP,50 MP,,13 MP,50 MP,32MP,Yes,5G,https://www.gsmarena.com/oppo_find_x5_pro-11236.php
Samsung,Samsung Galaxy Z Fold6,,"2024, July 24",Giá Liên Hệ,43.990.000đ,a_like_new ,12 GB,256 GB,4400,Android 14,Snapdragon 8 Gen 3,"7.6""",1856x2160 pixels,4320p,3,50 MP,12 MP,,10 MP,50 MP,4MP,Yes,5G,https://www.gsmarena.com/samsung_galaxy_z_fold6-13147.php
Asus,Asus ROG Phone 6,,"2022, July 13",11.590.000đ,20.990.000đ,a_old ,16 GB,512 GB,6000,Android 12,Snapdragon 8+ Gen 1,"6.78""",1080x2448 pixels,4320p,3,50 MP,13 MP,5 MP,,50 MP,12MP,Yes,5G,https://www.gsmarena.com/asus_rog_phone_6-11647.php
Samsung,Samsung Galaxy M55,,"2024, March 28",Giá Liên Hệ,12.690.000đ,a_like_new ,12 GB,256 GB,5000,Android 14,Snapdragon 7 Gen 1,"6.7""",1080x2400 pixels,2160p,3,50 MP,8 MP,2 MP,,50 MP,50MP,,5G,https://www.gsmarena.com/samsung_galaxy_m55-12896.php
Oppo,Oppo A57,,"2022, April 15",2.290.000đ,4.990.000đ,a_old ,4 GB,128 GB,5000,Android 12,Dimensity 810,"6.56""",720x1612 pixels,1080p,1,13 MP,,,,13 MP,8MP,,5G,https://www.gsmarena.com/oppo_a57-11476.php
Oppo,Oppo Reno8 Z,,"2022, August 04",4.890.000đ,10.490.000đ,a_like_new ,8 GB,256 GB,4500,Android 12,Snapdragon 695 5G,"6.43""",1080x2400 pixels,1080p,2,64 MP,,2 MP,,64 MP,16MP,Yes,5G,https://www.gsmarena.com/oppo_reno8_z-11735.php
Apple,Apple iPhone 13,,"2021, September 24",14.590.000đ,33.990.000đ,a_like_new ,4 GB,512 GB,3240,iOS 15,Apple A15 Bionic,"6.1""",1170x2532 pixels,2160p,2,12 MP,12 MP,,,12 MP,12MP,Yes,5G,https://www.gsmarena.com/apple_iphone_13-11103.php
Xiaomi,Xiaomi Redmi Note 13 Pro,,"2023, September 21",3.990.000đ,7.290.000đ,a_old ,8 GB,128 GB,5100,Android 13,Snapdragon 7s Gen 2,"6.67""",1220x2712 pixels,2160p,3,200 MP,8 MP,2 MP,,200 MP,16MP,Yes,5G,https://www.gsmarena.com/xiaomi_redmi_note_13_pro-12581.php
Apple,Apple iPhone 13 mini,,"2021, September 24",Giá Liên Hệ,21.990.000đ,a_new ,4 GB,128 GB,2438,iOS 15,Apple A15 Bionic,"5.4""",1080x2340 pixels,2160p,2,12 MP,12 MP,,,12 MP,12MP,Yes,5G,https://www.gsmarena.com/apple_iphone_13_mini-11104.php
Oppo,Oppo Reno11,,"2024, January 25",6.290.000đ,9.050.000đ,a_old ,8 GB,256 GB,5000,Android 14,Dimensity 7050,"6.7""",1080x2412 pixels,2160p,3,50 MP,8 MP,,32 MP,50 MP,32MP,,5G,https://www.gsmarena.com/oppo_reno11-12791.php
Apple,Apple iPhone 11,,"2019, September 20",7.990.000đ,13.990.000đ,a_old ,4 GB,128 GB,3110,iOS 13,Apple A13 Bionic,"6.1""",828x1792 pixels,2160p,2,12 MP,12 MP,,,12 MP,12MP,Yes,LTE,https://www.gsmarena.com/apple_iphone_11-9848.php
Zte,Zte Blade V40,,"2023, January",1.590.000đ,2.490.000đ,a_like_new ,6GB,128 GB,6000,Android 12,Dimensity 700,"6.67""",1080x2400 pixels,1080p,2,48 MP,,2 MP,,48 MP,8MP,,5G,https://www.gsmarena.com/zte_blade_v40-12104.php
Samsung,Samsung Galaxy A54,,"2023, March 24",6.840.000đ,10.490.000đ,a_new ,8 GB,256 GB,5000,Android 13,Exynos 1380,"6.4""",1080x2340 pixels,2160p,3,50 MP,12 MP,5 MP,,50 MP,32MP,Yes,5G,https://www.gsmarena.com/samsung_galaxy_a54-12070.php
Samsung,Samsung Galaxy A13,,"2022, March 23",1.990.000đ,4.190.000đ,a_old ,4 GB,128 GB,5000,Android 12,Exynos 850,"6.6""",1080x2408 pixels,1080p,3,50 MP,5 MP,2 MP,,50 MP,8MP,,LTE,https://www.gsmarena.com/samsung_galaxy_a13-11402.php
Realme,Realme 10 5G,,"2022, November 11",3.090.000đ,7.190.000đ,a_old ,8 GB,256 GB,5000,Android 12,Dimensity 700,"6.6""",1080x2408 pixels,1080p,2,50 MP,,2 MP,,50 MP,8MP,,5G,https://www.gsmarena.com/realme_10_5g-11951.php
Tecno,Tecno Spark Go 2024,,"2023, December 07",1.390.000đ,1.990.000đ,a_like_new ,4GB,64 GB,5000,Android 13,Unisoc T606,"6.6""",720x1612 pixels,1080p,1,13 MP,,,,13 MP,8MP,,LTE,https://www.gsmarena.com/tecno_spark_go_2024-12702.php
Samsung,Samsung Galaxy A13,,"2022, March 23",2.290.000đ,4.190.000đ,a_like_new ,4 GB,128 GB,5000,Android 12,Exynos 850,"6.6""",1080x2408 pixels,1080p,3,50 MP,5 MP,2 MP,,50 MP,8MP,,LTE,https://www.gsmarena.com/samsung_galaxy_a13-11402.php
Nokia,Nokia 105,,"2013, May",450.000đ,680.000đ,a_like_new ,,128 MB,800,Feature phone,,"1.45""",128x128 pixels,No video recorder,0,,,,,,,Yes,GSM,https://www.gsmarena.com/nokia_105-5324.php
Samsung,Samsung Galaxy A51 5G,,"2020, April 29",2.190.000đ,7.990.000đ,a_like_new ,8 GB,128 GB,4500,Android 10,Exynos 980,"6.5""",1080x2400 pixels,2160p,3,48 MP,12 MP,5 MP,,48 MP,32MP,,5G,https://www.gsmarena.com/samsung_galaxy_a51_5g-10157.php
Realme,Realme C53,,"2023, May 31",2.490.000đ,4.790.000đ,a_old ,6 GB,128 GB,5000,Android 13,Unisoc Tiger T612,"6.74""",1080x2400 pixels,1080p,1,50 MP,,,,50 MP,8MP,,LTE,https://www.gsmarena.com/realme_c53-12310.php
Oppo,Oppo A76,,"2022, February 18",2.190.000đ,5.990.000đ,a_old ,6 GB,128 GB,5000,Android 11,Snapdragon 680 4G,"6.56""",720x1612 pixels,1080p,1,13 MP,,,,13 MP,8MP,,LTE,https://www.gsmarena.com/oppo_a76-11367.php
Xiaomi,Xiaomi 13T,,"2023, September 26",8.290.000đ,12.990.000đ,a_new ,8 GB,256 GB,5000,Android 13,Dimensity 8200 Ultra,"6.67""",1220x2712 pixels,2160p,3,50 MP,12 MP,,50 MP,50 MP,20MP,Yes,5G,https://www.gsmarena.com/xiaomi_13t-12389.php
Samsung,Samsung Galaxy S24 Ultra,,"2024, January 24",22.090.000đ,37.490.000đ,a_old ,12 GB,512 GB,5000,Android 14,Snapdragon 8 Gen 3,"6.8""",1440x3120 pixels,4320p,4,200 MP,12 MP,,50 MP,200 MP,12MP,Yes,5G,https://www.gsmarena.com/samsung_galaxy_s24_ultra-12771.php
Apple,Apple iPhone 15 Plus,,"2023, September 22",Giá Liên Hệ,25.990.000đ,a_new ,6 GB,128 GB,4383,iOS 17,Apple A16 Bionic,"6.7""",1290x2796 pixels,2160p,2,48 MP,12 MP,,,48 MP,12MP,Yes,5G,https://www.gsmarena.com/apple_iphone_15_plus-12558.php
Zte,Zte Blade V50 Design,,"2023, August",2.090.000đ,3.290.000đ,a_like_new ,8GB,256 GB,4500,Android 13,Unisoc T760,"6.6""",1080x2408 pixels,1080p,1,50 MP,,,,50 MP,8MP,,5G,https://www.gsmarena.com/zte_blade_v50_design-12615.php
Xiaomi,Xiaomi Redmi Note 12 Pro,,"2022, November 01",4.590.000đ,7.990.000đ,a_new ,8 GB,256 GB,5000,Android 12,Dimensity 1080,"6.67""",1080x2400 pixels,2160p,3,50 MP,8 MP,2 MP,,50 MP,16MP,Yes,5G,https://www.gsmarena.com/xiaomi_redmi_note_12_pro-11955.php
Tecno,Tecno Pova 3,,"2022, May 25",2.090.000đ,4.990.000đ,a_old ,6 GB,128 GB,7000,Android 11,Helio G88,"6.9""",1080x2460 pixels,1440p,1,50 MP,,,,50 MP,8MP,Yes,LTE,https://www.gsmarena.com/tecno_pova_3-11553.php
Xiaomi,Xiaomi 13T,,"2023, September 26",7.090.000đ,12.990.000đ,a_old ,8 GB,256 GB,5000,Android 13,Dimensity 8200 Ultra,"6.67""",1220x2712 pixels,2160p,3,50 MP,12 MP,,50 MP,50 MP,20MP,Yes,5G,https://www.gsmarena.com/xiaomi_13t-12389.php
Apple,Apple iPhone 12,,"2020, October 23",8.290.000đ,15.990.000đ,a_old ,4 GB,64 GB,2815,iOS 14.1,Apple A14 Bionic,"6.1""",1170x2532 pixels,2160p,2,12 MP,12 MP,,,12 MP,12MP,Yes,5G,https://www.gsmarena.com/apple_iphone_12-10509.php
Apple,Apple iPhone 12,,"2020, October 23",8.490.000đ,17.990.000đ,a_old ,4 GB,128 GB,2815,iOS 14.1,Apple A14 Bionic,"6.1""",1170x2532 pixels,2160p,2,12 MP,12 MP,,,12 MP,12MP,Yes,5G,https://www.gsmarena.com/apple_iphone_12-10509.php
Apple,Apple iPhone 11 Pro Max,,"2019, September 20",11.190.000đ,32.000.000đ,a_old ,4 GB,256 GB,3969,iOS 13,Apple A13 Bionic,"6.5""",1242x2688 pixels,2160p,3,12 MP,12 MP,,12 MP,12 MP,12MP,Yes,LTE,https://www.gsmarena.com/apple_iphone_11_pro_max-9846.php
Infinix,Infinix Note 40 Pro,,"2024, March 19",4.090.000đ,5.990.000đ,a_old ,8 GB,256 GB,5000,Android 14,Dimensity 7020,"6.78""",1080x2436 pixels,1440p,1,108 MP,,,,108 MP,32MP,Yes,5G,https://www.gsmarena.com/infinix_note_40_pro-12875.php
Apple,Apple iPhone 11 Pro Max,,"2019, September 20",11.890.000đ,32.000.000đ,a_like_new ,4 GB,256 GB,3969,iOS 13,Apple A13 Bionic,"6.5""",1242x2688 pixels,2160p,3,12 MP,12 MP,,12 MP,12 MP,12MP,Yes,LTE,https://www.gsmarena.com/apple_iphone_11_pro_max-9846.php
Apple,Apple iPhone 14 Pro Max,,"2022, September 16",25.990.000đ,29.990.000đ,a_old ,6 GB,1 TB,4323,iOS 16,Apple A16 Bionic,"6.7""",1290x2796 pixels,2160p,3,48 MP,12 MP,,12 MP,48 MP,12MP,Yes,5G,https://www.gsmarena.com/apple_iphone_14_pro_max-11773.php
Vivo,Vivo Y17s,,"2023, October 02",2.490.000đ,3.790.000đ,a_new ,4 GB,64 GB,5000,Android 13,Helio G85,"6.56""",720x1612 pixels,1080p,1,50 MP,,,,50 MP,8MP,Yes,LTE,https://www.gsmarena.com/vivo_y17s-12568.php
Tecno,Tecno Camon 30 5G,,"2024, April 02",4.690.000đ,6.490.000đ,a_new ,8 GB,256 GB,5000,Android 14,Dimensity 7020,"6.78""",1080x2436 pixels,2160p,1,50 MP,,,,50 MP,50MP,Yes,5G,https://www.gsmarena.com/tecno_camon_30_5g-12847.php
Xiaomi,Xiaomi 12T,,"2022, October 06",6.090.000đ,12.490.000đ,a_old ,8 GB,128 GB,5000,Android 12,Dimensity 8100 Ultra,"6.67""",1220x2712 pixels,2160p,3,108 MP,8 MP,2 MP,,108 MP,20MP,,5G,https://www.gsmarena.com/xiaomi_12t-11888.php
Tecno,Tecno Spark 20C,,"2023, December",Giá Liên Hệ,2.690.000đ,a_like_new ,4GB,128 GB,5000,Android 13,Mediatek,"6.6""",720x1612 pixels,1080p,1,50 MP,,,,50 MP,8MP,,LTE,https://www.gsmarena.com/tecno_spark_20c-12710.php
Apple,Apple iPhone 15 Pro,,"2023, September 22",Giá Liên Hệ,28.990.000đ,a_new ,8 GB,128 GB,3274,iOS 17,Apple A17 Pro,"6.1""",1179x2556 pixels,2160p,3,48 MP,12 MP,,12 MP,48 MP,12MP,Yes,5G,https://www.gsmarena.com/apple_iphone_15_pro-12557.php
Xiaomi,Xiaomi Redmi A3,,"2024, February 23",Giá Liên Hệ,2.990.000đ,a_old ,4 GB,128 GB,5000,Android 14,Helio G36,"6.71""",720x1650 pixels,1080p,1,8 MP,,,,8 MP,5MP,,LTE,https://www.gsmarena.com/xiaomi_redmi_a3-12822.php
Apple,Apple iPhone 15 Pro,,"2023, September 22",23.390.000đ,31.990.000đ,a_old ,8 GB,256 GB,3274,iOS 17,Apple A17 Pro,"6.1""",1179x2556 pixels,2160p,3,48 MP,12 MP,,12 MP,48 MP,12MP,Yes,5G,https://www.gsmarena.com/apple_iphone_15_pro-12557.php
Xiaomi,Xiaomi 12T,,"2022, October 06",5.590.000đ,12.490.000đ,a_old ,8 GB,128 GB,5000,Android 12,Dimensity 8100 Ultra,"6.67""",1220x2712 pixels,2160p,3,108 MP,8 MP,2 MP,,108 MP,20MP,,5G,https://www.gsmarena.com/xiaomi_12t-11888.php
Vivo,Vivo Y17s,,"2023, October 02",2.890.000đ,3.790.000đ,a_new ,6 GB,128 GB,5000,Android 13,Helio G85,"6.56""",720x1612 pixels,1080p,1,50 MP,,,,50 MP,8MP,Yes,LTE,https://www.gsmarena.com/vivo_y17s-12568.php
Apple,Apple iPhone 14 Pro Max,,"2022, September 16",21.790.000đ,29.990.000đ,a_old ,6 GB,128 GB,4323,iOS 16,Apple A16 Bionic,"6.7""",1290x2796 pixels,2160p,3,48 MP,12 MP,,12 MP,48 MP,12MP,Yes,5G,https://www.gsmarena.com/apple_iphone_14_pro_max-11773.php
Xiaomi,Xiaomi Redmi Note 11S 5G,,"2022, April 23",2.590.000đ,6.690.000đ,a_old ,8 GB,128 GB,5000,Android 11,Dimensity 810,"6.6""",1080x2400 pixels,1080p,3,50 MP,8 MP,2 MP,,50 MP,13MP,Yes,5G,https://www.gsmarena.com/xiaomi_redmi_note_11s_5g-11419.php
Tecno,Tecno Camon 20,,"2023, May 09",3.590.000đ,4.990.000đ,a_new ,8 GB,256 GB,5000,Android 13,Helio G85,"6.67""",1080x2400 pixels,1080p,1,64 MP,,,,64 MP,32MP,Yes,LTE,https://www.gsmarena.com/tecno_camon_20-12253.php
Apple,Apple iPhone 14 Plus,,"2022, October 07",Giá Liên Hệ,22.990.000đ,a_new ,6 GB,128 GB,4323,iOS 16,Apple A15 Bionic,"6.7""",1284x2778 pixels,2160p,2,12 MP,12 MP,,,12 MP,12MP,Yes,5G,https://www.gsmarena.com/apple_iphone_14_plus-11862.php
Xiaomi,Xiaomi Redmi Note 11S 5G,,"2022, April 23",2.490.000đ,6.690.000đ,a_old ,8 GB,128 GB,5000,Android 11,Dimensity 810,"6.6""",1080x2400 pixels,1080p,3,50 MP,8 MP,2 MP,,50 MP,13MP,Yes,5G,https://www.gsmarena.com/xiaomi_redmi_note_11s_5g-11419.php
Samsung,Samsung Galaxy A12,,"2020, December 21",1.790.000đ,4.290.000đ,a_like_new ,4 GB,128 GB,5000,Android 10,Helio P35,"6.5""",720x1600 pixels,1080p,3,48 MP,5 MP,2 MP,,48 MP,8MP,,LTE,https://www.gsmarena.com/samsung_galaxy_a12-10604.php
Samsung,Samsung Galaxy S10+,,"2019, March 08",7.990.000đ,19.990.000đ,a_old ,8 GB,128 GB,4100,Android 9.0,Exynos 9820,"6.4""",1440x3040 pixels,2160p,3,12 MP,16 MP,,12 MP,12 MP,10MP,Yes,LTE,https://www.gsmarena.com/samsung_galaxy_s10+-9535.php
Xiaomi,Xiaomi Redmi A3,,"2024, February 23",1.890.000đ,2.990.000đ,a_like_new ,4 GB,128 GB,5000,Android 14,Helio G36,"6.71""",720x1650 pixels,1080p,1,8 MP,,,,8 MP,5MP,,LTE,https://www.gsmarena.com/xiaomi_redmi_a3-12822.php
Samsung,Samsung Galaxy S23,,"2023, February 17",8.490.000đ,22.990.000đ,a_old ,8 GB,128 GB,3900,Android 13,Snapdragon 8 Gen 2,"6.1""",1080x2340 pixels,4320p,3,50 MP,12 MP,,10 MP,50 MP,12MP,Yes,5G,https://www.gsmarena.com/samsung_galaxy_s23-12082.php
Zte,Zte Blade A54,,"2023, November",1.490.000đ,2.290.000đ,a_like_new ,4GB,128 GB,5000,Android 13,Unisoc SC9863A,"6.6""",720x1612 pixels,1080p,1,13 MP,,,,13 MP,2MP,,LTE,https://www.gsmarena.com/zte_blade_a54-12769.php
Apple,Apple iPhone 14,,"2022, September 16",15.290.000đ,19.990.000đ,a_new ,6 GB,128 GB,3279,iOS 16,Apple A15 Bionic,"6.1""",1170x2532 pixels,2160p,2,12 MP,12 MP,,,12 MP,12MP,Yes,5G,https://www.gsmarena.com/apple_iphone_14-11861.php
Apple,Apple iPhone 7 Plus,,"2016, September 16",4.090.000đ,10.990.000đ,a_old ,3 GB,128 GB,2900,iOS 10.0.1,Apple A10 Fusion,"5.5""",1080x1920 pixels,2160p,2,12 MP,,,12 MP,12 MP,7MP,Yes,LTE,https://www.gsmarena.com/apple_iphone_7_plus-8065.php
Xiaomi,Xiaomi Redmi 12C,,"2023, January 01",1.490.000đ,3.590.000đ,a_old ,4 GB,64 GB,5000,Android 12,Helio G85,"6.71""",720x1650 pixels,1080p,1,50 MP,,,,50 MP,5MP,,LTE,https://www.gsmarena.com/xiaomi_redmi_12c-12051.php
Infinix,Infinix Hot 40i,,"2023, December",1.790.000đ,2.390.000đ,a_new ,4 GB,128 GB,5000,Android 13,Unisoc T606,"6.56""",720x1612 pixels,1080p,1,50 MP,,,,50 MP,32MP,,LTE,https://www.gsmarena.com/infinix_hot_40i-12731.php
Apple,Apple iPhone 11,,"2019, September 20",7.890.000đ,11.990.000đ,a_new ,4 GB,64 GB,3110,iOS 13,Apple A13 Bionic,"6.1""",828x1792 pixels,2160p,2,12 MP,12 MP,,,12 MP,12MP,Yes,LTE,https://www.gsmarena.com/apple_iphone_11-9848.php
Apple,Apple iPhone 15 Pro,,"2023, September 22",19.890.000đ,28.990.000đ,a_old ,8 GB,128 GB,3274,iOS 17,Apple A17 Pro,"6.1""",1179x2556 pixels,2160p,3,48 MP,12 MP,,12 MP,48 MP,12MP,Yes,5G,https://www.gsmarena.com/apple_iphone_15_pro-12557.php
Realme,Realme C53,,"2023, May 31",Giá Liên Hệ,4.790.000đ,a_like_new ,6 GB,128 GB,5000,Android 13,Unisoc Tiger T612,"6.74""",1080x2400 pixels,1080p,1,50 MP,,,,50 MP,8MP,,LTE,https://www.gsmarena.com/realme_c53-12310.php
Apple,Apple iPhone 14 Pro Max,,"2022, September 16",Giá Liên Hệ,29.990.000đ,a_new ,6 GB,128 GB,4323,iOS 16,Apple A16 Bionic,"6.7""",1290x2796 pixels,2160p,3,48 MP,12 MP,,12 MP,48 MP,12MP,Yes,5G,https://www.gsmarena.com/apple_iphone_14_pro_max-11773.php
Oppo,Oppo Find N2 Flip,,"2022, December 23",10.690.000đ,19.990.000đ,a_new ,8 GB,256 GB,4300,Android 13,Dimensity 9000+,"6.8""",1080x2520 pixels,2160p,2,50 MP,8 MP,,,50 MP,32MP,,5G,https://www.gsmarena.com/oppo_find_n2_flip-12014.php
Apple,Apple iPhone 12,,"2020, October 23",10.990.000đ,23.990.000đ,a_like_new ,4 GB,256 GB,2815,iOS 14.1,Apple A14 Bionic,"6.1""",1170x2532 pixels,2160p,2,12 MP,12 MP,,,12 MP,12MP,Yes,5G,https://www.gsmarena.com/apple_iphone_12-10509.php
Samsung,Samsung Galaxy A15 5G,,"2023, December 16",2.890.000đ,4.990.000đ,a_old ,8 GB,128 GB,5000,Android 14,Dimensity 6100+,"6.5""",1080x2340 pixels,1080p,3,50 MP,5 MP,2 MP,,50 MP,13MP,,5G,https://www.gsmarena.com/samsung_galaxy_a15_5g-12638.php
Nokia,Nokia 110,,"2012, June",450.000đ,850.000đ,a_old ,,128 MB,1020,Feature phone,,"1.8""",128x160 pixels,144p,0,,,,,,No,,GSM,https://www.gsmarena.com/nokia_110-4755.php
Apple,Apple iPhone 15,,"2023, September 22",Giá Liên Hệ,25.990.000đ,a_old ,6 GB,256 GB,3349,iOS 17,Apple A16 Bionic,"6.1""",1179x2556 pixels,2160p,2,48 MP,12 MP,,,48 MP,12MP,Yes,5G,https://www.gsmarena.com/apple_iphone_15-12559.php
Xiaomi,Xiaomi Redmi Note 12 Pro,,"2022, November 01",3.890.000đ,7.990.000đ,a_like_new ,8 GB,128 GB,5000,Android 12,Dimensity 1080,"6.67""",1080x2400 pixels,2160p,3,50 MP,8 MP,2 MP,,50 MP,16MP,Yes,5G,https://www.gsmarena.com/xiaomi_redmi_note_12_pro-11955.php
Xiaomi,Xiaomi Redmi A3,,"2024, February 23",1.990.000đ,2.990.000đ,a_like_new ,4 GB,128 GB,5000,Android 14,Helio G36,"6.71""",720x1650 pixels,1080p,1,8 MP,,,,8 MP,5MP,,LTE,https://www.gsmarena.com/xiaomi_redmi_a3-12822.php
Nokia,Nokia 3210,,"2024, May 07",890.000đ,1.590.000đ,a_old ,,128 MB,1450,Feature phone,Unisoc T107,"2.4""",240x320 pixels,,0,,,,,,No,,LTE,https://www.gsmarena.com/nokia_3210-12990.php
Samsung,Samsung Galaxy Z Flip3 5G,,"2021, August 27",5.690.000đ,26.990.000đ,a_old ,8 GB,128 GB,3300,Android 11,Snapdragon 888 5G,"6.7""",1080x2640 pixels,2160p,2,12 MP,12 MP,,,12 MP,10MP,Yes,5G,https://www.gsmarena.com/samsung_galaxy_z_flip3_5g-11044.php
Samsung,Samsung Galaxy Z Fold4,,"2022, August 25",17.090.000đ,44.490.000đ,a_like_new ,12 GB,512 GB,4400,Android 12L,Snapdragon 8+ Gen 1,"7.6""",1812x2176 pixels,4320p,3,50 MP,12 MP,,10 MP,50 MP,4MP,Yes,5G,https://www.gsmarena.com/samsung_galaxy_z_fold4-11737.php
Oppo,Oppo A15s,,"2020, December 18",1.890.000đ,4.290.000đ,a_like_new ,4 GB,64 GB,4230,Android 10,Helio P35,"6.52""",720x1600 pixels,1080p,2,13 MP,,2 MP,,13 MP,8MP,,LTE,https://www.gsmarena.com/oppo_a15s-10644.php
Realme,Realme C55,,"2023, March 08",3.090.000đ,5.990.000đ,a_old ,8 GB,256 GB,5000,Android 13,Helio G88,"6.72""",1080x2400 pixels,1080p,1,64 MP,,,,64 MP,8MP,,LTE,https://www.gsmarena.com/realme_c55-12159.php
Tecno,Tecno Pova 6,,"2024, May",Giá Liên Hệ,6.490.000đ,a_like_new ,8 GB,256 GB,6000,Android 14,Helio G99 Ultimate,"6.78""",1080x2460 pixels,1440p,1,108 MP,,,,108 MP,32MP,Yes,LTE,https://www.gsmarena.com/tecno_pova_6-12910.php
Apple,Apple iPhone 13,,"2021, September 24",13.390.000đ,21.990.000đ,a_like_new ,4 GB,256 GB,3240,iOS 15,Apple A15 Bionic,"6.1""",1170x2532 pixels,2160p,2,12 MP,12 MP,,,12 MP,12MP,Yes,5G,https://www.gsmarena.com/apple_iphone_13-11103.php
Oppo,Oppo Reno7 Z 5G,,"2022, March 21",3.290.000đ,9.990.000đ,a_old ,8 GB,128 GB,4500,Android 12,Snapdragon 695 5G,"6.43""",1080x2400 pixels,1080p,2,64 MP,,2 MP,,64 MP,16MP,Yes,5G,https://www.gsmarena.com/oppo_reno7_z_5g-11397.php
Samsung,Samsung Galaxy S23+,,"2023, February 17",11.090.000đ,26.990.000đ,a_old ,8 GB,256 GB,4700,Android 13,Snapdragon 8 Gen 2,"6.6""",1080x2340 pixels,4320p,3,50 MP,12 MP,,10 MP,50 MP,12MP,Yes,5G,https://www.gsmarena.com/samsung_galaxy_s23+-12083.php
Nokia,Nokia 105,,"2013, May",340.000đ,750.000đ,a_old ,,128 MB,800,Feature phone,,"1.45""",128x128 pixels,No video recorder,0,,,,,,,Yes,GSM,https://www.gsmarena.com/nokia_105-5324.php
Oppo,Oppo A38,,"2023, September",2.190.000đ,2.890.000đ,a_old ,4 GB,128 GB,5000,Android 13,Helio G85,"6.56""",720x1612 pixels,1080p,1,50 MP,,,,50 MP,5MP,Yes,LTE,https://www.gsmarena.com/oppo_a38-12541.php
Apple,Apple iPhone 12 Pro Max,,"2020, November 13",14.590.000đ,37.990.000đ,a_old ,6 GB,512 GB,3687,iOS 14.1,Apple A14 Bionic,"6.7""",1284x2778 pixels,2160p,3,12 MP,12 MP,,12 MP,12 MP,12MP,Yes,5G,https://www.gsmarena.com/apple_iphone_12_pro_max-10237.php
Vivo,Vivo Y02s,,"2022, August 22",1.590.000đ,3.290.000đ,a_old ,3 GB,64 GB,5000,Android 12,Helio P35,"6.51""",720x1600 pixels,1080p,0,,,,,,5MP,,LTE,https://www.gsmarena.com/vivo_y02s-11697.php
Infinix,Infinix Hot 40 Pro,,"2023, December",2.190.000đ,4.290.000đ,a_old ,8 GB,256 GB,5000,Android 13,Helio G99,"6.78""",1080x2460 pixels,1440p,2,108 MP,,2 MP,,108 MP,32MP,,LTE,https://www.gsmarena.com/infinix_hot_40_pro-12733.php
Vivo,Vivo Y36 5G,,"2023, June 13",3.390.000đ,5.190.000đ,a_like_new ,8 GB,128 GB,5000,Android 13,Dimensity 6020,"6.64""",1080x2388 pixels,1080p,1,50 MP,,,,50 MP,16MP,Yes,5G,https://www.gsmarena.com/vivo_y36_5g-12375.php
Apple,Apple iPhone 14 Pro Max,,"2022, September 16",25.990.000đ,32.990.000đ,a_new ,6 GB,256 GB,4323,iOS 16,Apple A16 Bionic,"6.7""",1290x2796 pixels,2160p,3,48 MP,12 MP,,12 MP,48 MP,12MP,Yes,5G,https://www.gsmarena.com/apple_iphone_14_pro_max-11773.php
Vivo,Vivo V25,,"2022, September 21",4.690.000đ,10.490.000đ,a_like_new ,8GB,128 GB,4500,Android 12,Dimensity 900,"6.44""",1080x2404 pixels,2160p,3,64 MP,8 MP,2 MP,,64 MP,50MP,Yes,5G,https://www.gsmarena.com/vivo_v25-11772.php
Realme,Realme C51,,"2023, August",2.190.000đ,3.290.000đ,a_like_new ,4GB,64 GB,5000,Android 13,Unisoc Tiger T612,"6.74""",720x1600 pixels,1080p,1,50 MP,,,,50 MP,5MP,,LTE,https://www.gsmarena.com/realme_c51-12527.php
Realme,Realme C35,,"2022, February 14",1.890.000đ,4.990.000đ,a_old ,4 GB,128 GB,5000,Android 11,Unisoc Tiger T616,"6.6""",1080x2408 pixels,1080p,2,50 MP,,2 MP,,50 MP,8MP,,LTE,https://www.gsmarena.com/realme_c35-11353.php
Apple,Apple iPhone 15,,"2023, September 22",Giá Liên Hệ,22.990.000đ,a_new ,6 GB,128 GB,3349,iOS 17,Apple A16 Bionic,"6.1""",1179x2556 pixels,2160p,2,48 MP,12 MP,,,48 MP,12MP,Yes,5G,https://www.gsmarena.com/apple_iphone_15-12559.php
Samsung,Samsung Galaxy S23 FE,,"2023, October 05",9.590.000đ,14.890.000đ,a_like_new ,8 GB,256 GB,4500,Android 13,Exynos 2200,"6.4""",1080x2340 pixels,4320p,3,50 MP,12 MP,,8 MP,50 MP,10MP,Yes,5G,https://www.gsmarena.com/samsung_galaxy_s23_fe-12520.php
Zte,Zte Blade A52,,"2022, June 10",890.000đ,2.490.000đ,a_old ,3 GB,64 GB,5000,Android 11,Unisoc SC9863A,"6.52""",720x1600 pixels,1080p,1,,,2 MP,,,5MP,,LTE,https://www.gsmarena.com/zte_blade_a52-11611.php
Oppo,Oppo A92,,"2020, May 09",2.790.000đ,6.490.000đ,a_old ,8 GB,128 GB,5000,Android 10,Snapdragon 665,"6.5""",1080x2400 pixels,2160p,2,48 MP,8 MP,,,48 MP,16MP,,LTE,https://www.gsmarena.com/oppo_a92-10211.php
Samsung,Samsung Galaxy S23 FE,,"2023, October 05",Giá Liên Hệ,14.890.000đ,a_new ,8 GB,256 GB,4500,Android 13,Exynos 2200,"6.4""",1080x2340 pixels,4320p,3,50 MP,12 MP,,8 MP,50 MP,10MP,Yes,5G,https://www.gsmarena.com/samsung_galaxy_s23_fe-12520.php
Apple,Apple iPhone 15 Pro,,"2023, September 22",20.890.000đ,28.990.000đ,a_old ,8 GB,128 GB,3274,iOS 17,Apple A17 Pro,"6.1""",1179x2556 pixels,2160p,3,48 MP,12 MP,,12 MP,48 MP,12MP,Yes,5G,https://www.gsmarena.com/apple_iphone_15_pro-12557.php
Xiaomi,Xiaomi Redmi Note 12,,"2023, January 11",3.490.000đ,4.990.000đ,a_like_new ,8 GB,128 GB,5000,Android 12,Snapdragon 4 Gen 1,"6.67""",1080x2400 pixels,1080p,3,48 MP,8 MP,2 MP,,48 MP,13MP,Yes,5G,https://www.gsmarena.com/xiaomi_redmi_note_12-12063.php
Samsung,Samsung Galaxy A03s,,"2021, August 18",1.790.000đ,3.690.000đ,a_old ,4 GB,64 GB,5000,Android 11,Helio P35,"6.5""",720x1600 pixels,1080p,2,13 MP,,2 MP,,13 MP,5MP,,LTE,https://www.gsmarena.com/samsung_galaxy_a03s-10937.php
Realme,Realme C55,,"2023, March 08",2.590.000đ,4.990.000đ,a_old ,6 GB,128 GB,5000,Android 13,Helio G88,"6.72""",1080x2400 pixels,1080p,1,64 MP,,,,64 MP,8MP,,LTE,https://www.gsmarena.com/realme_c55-12159.php
Oppo,Oppo A76,,"2022, February 18",2.790.000đ,5.990.000đ,a_like_new ,6 GB,128 GB,5000,Android 11,Snapdragon 680 4G,"6.56""",720x1612 pixels,1080p,1,13 MP,,,,13 MP,8MP,,LTE,https://www.gsmarena.com/oppo_a76-11367.php
Xiaomi,Xiaomi Redmi 12C,,"2023, January 01",1.690.000đ,3.590.000đ,a_like_new ,4 GB,64 GB,5000,Android 12,Helio G85,"6.71""",720x1650 pixels,1080p,1,50 MP,,,,50 MP,5MP,,LTE,https://www.gsmarena.com/xiaomi_redmi_12c-12051.php
Xiaomi,Xiaomi Redmi Note 11S 5G,,"2022, April 23",2.890.000đ,6.690.000đ,a_like_new ,8 GB,128 GB,5000,Android 11,Dimensity 810,"6.6""",1080x2400 pixels,1080p,3,50 MP,8 MP,2 MP,,50 MP,13MP,Yes,5G,https://www.gsmarena.com/xiaomi_redmi_note_11s_5g-11419.php
Tecno,Tecno Pova 5,,"2023, July",3.090.000đ,5.290.000đ,a_old ,8 GB,256 GB,6000,Android 13,Helio G99,"6.78""",1080x2460 pixels,1440p,1,50 MP,,,,50 MP,8MP,,LTE,https://www.gsmarena.com/tecno_pova_5-12393.php
Tecno,Tecno Camon 20 Pro 5G,,"2023, May 09",3.290.000đ,5.490.000đ,a_old ,8 GB,256 GB,5000,Android 13,Dimensity 8050,"6.67""",1080x2400 pixels,2160p,2,64 MP,,2 MP,,64 MP,32MP,,5G,https://www.gsmarena.com/tecno_camon_20_pro_5g-12255.php
Nokia,Nokia C30,,"2021, October 12",1.190.000đ,2.990.000đ,a_old ,2 GB,32 GB,6000,Android 11,Unisoc SC9863A,"6.82""",720x1600 pixels,1080p,1,13 MP,,,,13 MP,5MP,,LTE,https://www.gsmarena.com/nokia_c30-10967.php
Xiaomi,Xiaomi Poco M6,,"2023, December 26",2.590.000đ,3.190.000đ,a_old ,6 GB,128 GB,5000,Android 13,Dimensity 6100+,"6.74""",720x1600 pixels,1080p,1,50 MP,,,,50 MP,5MP,Yes,5G,https://www.gsmarena.com/xiaomi_poco_m6-12737.php
Samsung,Samsung Galaxy A05,,"2023, October 15",1.790.000đ,3.090.000đ,a_old ,4 GB,128 GB,5000,Android 13,Helio G85,"6.7""",720x1600 pixels,1080p,1,50 MP,,,,50 MP,8MP,,LTE,https://www.gsmarena.com/samsung_galaxy_a05-12583.php
Samsung,Samsung Galaxy S20 FE 5G,,"2020, October 02",4.690.000đ,12.490.000đ,a_old ,8 GB,256 GB,4500,Android 10,Snapdragon 865 5G,"6.5""",1080x2400 pixels,2160p,3,12 MP,12 MP,,8 MP,12 MP,32MP,Yes,5G,https://www.gsmarena.com/samsung_galaxy_s20_fe_5g-10377.php
Nokia,Nokia C21 Plus,,"2022, April 29",1.490.000đ,3.190.000đ,a_like_new ,3 GB,64 GB,5050,Android 11,Unisoc SC9863A,"6.52""",720x1600 pixels,1080p,1,13 MP,,,,13 MP,5MP,Yes,LTE,https://www.gsmarena.com/nokia_c21_plus-11381.php
Xiaomi,Xiaomi Redmi Note 13 Pro,,"2023, September 21",5.390.000đ,6.390.000đ,a_like_new ,8 GB,256 GB,5100,Android 13,Snapdragon 7s Gen 2,"6.67""",1220x2712 pixels,2160p,3,200 MP,8 MP,2 MP,,200 MP,16MP,Yes,5G,https://www.gsmarena.com/xiaomi_redmi_note_13_pro-12581.php
Realme,Realme C55,,"2023, March 08",3.390.000đ,5.990.000đ,a_like_new ,8 GB,256 GB,5000,Android 13,Helio G88,"6.72""",1080x2400 pixels,1080p,1,64 MP,,,,64 MP,8MP,,LTE,https://www.gsmarena.com/realme_c55-12159.php
Samsung,Samsung Galaxy A35,,"2024, March 15",6.390.000đ,8.290.000đ,a_new ,8 GB,256 GB,5000,Android 14,Exynos 1380,"6.6""",1080x2340 pixels,2160p,3,50 MP,8 MP,5 MP,,50 MP,13MP,Yes,5G,https://www.gsmarena.com/samsung_galaxy_a35-12705.php
Xiaomi,Xiaomi Poco F4,,"2022, June 27",3.690.000đ,8.990.000đ,a_old ,6 GB,128 GB,4500,Android 12,Snapdragon 870 5G,"6.67""",1080x2400 pixels,2160p,3,64 MP,8 MP,2 MP,,64 MP,20MP,Yes,5G,https://www.gsmarena.com/xiaomi_poco_f4-11627.php
Samsung,Samsung Galaxy M14,,"2023, March 08",Giá Liên Hệ,5.290.000đ,a_like_new ,4 GB,64 GB,6000,Android 13,Exynos 1330,"6.6""",1080x2408 pixels,1080p,2,50 MP,,2 MP,,50 MP,13MP,,5G,https://www.gsmarena.com/samsung_galaxy_m14-12160.php
Samsung,Samsung Galaxy A02s,,"2021, January 04",1.090.000đ,3.590.000đ,a_old ,4 GB,64 GB,5000,Android 10,Snapdragon 450,"6.5""",720x1600 pixels,1080p,2,13 MP,,2 MP,,13 MP,5MP,,LTE,https://www.gsmarena.com/samsung_galaxy_a02s-10603.php
Realme,Realme C35,,"2022, February 14",2.290.000đ,4.990.000đ,a_old ,4 GB,128 GB,5000,Android 11,Unisoc Tiger T616,"6.6""",1080x2408 pixels,1080p,2,50 MP,,2 MP,,50 MP,8MP,,LTE,https://www.gsmarena.com/realme_c35-11353.php
Vivo,Vivo Y02s,,"2022, August 22",1.490.000đ,3.290.000đ,a_like_new ,3 GB,32 GB,5000,Android 12,Helio P35,"6.51""",720x1600 pixels,1080p,0,,,,,,5MP,,LTE,https://www.gsmarena.com/vivo_y02s-11697.php
Samsung,Samsung Galaxy S23,,"2023, February 17",Giá Liên Hệ,22.990.000đ,a_old ,8 GB,128 GB,3900,Android 13,Snapdragon 8 Gen 2,"6.1""",1080x2340 pixels,4320p,3,50 MP,12 MP,,10 MP,50 MP,12MP,Yes,5G,https://www.gsmarena.com/samsung_galaxy_s23-12082.php
Realme,Realme C30s,,"2022, September 23",1.290.000đ,2.490.000đ,a_like_new ,2 GB,32 GB,5000,Android 12,,"6.5""",720x1600 pixels,1080p,1,8 MP,,,,8 MP,5MP,,LTE,https://www.gsmarena.com/realme_c30s-11878.php
Vivo,Vivo Y21s,,"2021, September 21",2.390.000đ,4.990.000đ,a_like_new ,4 GB,128 GB,5000,Android 11,MT6769V,"6.51""",720x1600 pixels,1080p,2,50 MP,,2 MP,,50 MP,8MP,,LTE,https://www.gsmarena.com/vivo_y21s-11113.php
Samsung,Samsung Galaxy Z Flip4,,"2022, August 25",7.290.000đ,25.990.000đ,a_old ,8 GB,256 GB,3700,Android 12,Snapdragon 8+ Gen 1,"6.7""",1080x2640 pixels,2160p,2,12 MP,12 MP,,,12 MP,10MP,Yes,5G,https://www.gsmarena.com/samsung_galaxy_z_flip4-11538.php
Realme,Realme C53,,"2023, May 31",3.090.000đ,4.790.000đ,a_like_new ,8 GB,256 GB,5000,Android 13,Unisoc Tiger T612,"6.74""",1080x2400 pixels,1080p,1,50 MP,,,,50 MP,8MP,,LTE,https://www.gsmarena.com/realme_c53-12310.php
Realme,Realme C33,,"2022, September 12",1.390.000đ,3.490.000đ,a_old ,3 GB,32 GB,5000,Android 12,Unisoc Tiger T612,"6.5""",720x1600 pixels,1080p,1,50 MP,,,,50 MP,5MP,,LTE,https://www.gsmarena.com/realme_c33-11849.php
Samsung,Samsung Galaxy A50,,"2019, March 18",2.800.000đ,7.990.000đ,a_old ,6 GB,128 GB,4000,Android 9.0,Exynos 9610,"6.4""",1080x2340 pixels,1080p,2,25 MP,8 MP,,,25 MP,25MP,,LTE,https://www.gsmarena.com/samsung_galaxy_a50-9554.php
Oppo,Oppo A95,,"2021, November 16",2.590.000đ,6.990.000đ,a_old ,8 GB,128 GB,5000,Android 11,Snapdragon 662,"6.43""",1080x2400 pixels,1080p,2,48 MP,,2 MP,,48 MP,16MP,,LTE,https://www.gsmarena.com/oppo_a95-11195.php
Infinix,Infinix Hot 30i,,"2023, March 31",1.290.000đ,2.790.000đ,a_old ,4GB,128 GB,5000,Android 12,Unisoc T606,"6.56""",720x1612 pixels,1080p,1,13 MP,,,,13 MP,8MP,,LTE,https://www.gsmarena.com/infinix_hot_30i-12216.php
Tecno,Tecno Spark Go,,"2019, August",1.590.000đ,2.490.000đ,a_like_new ,4GB,64 GB,3000,Android 9.0,Helio A22,"6.1""",720x1560 pixels,1080p,0,,,,,,5MP,,LTE,https://www.gsmarena.com/tecno_spark_go-9871.php
Xiaomi,Xiaomi Poco M5s,,"2022, September 06",2.790.000đ,5.290.000đ,a_like_new ,6 GB,128 GB,5000,Android 12,MT6785V,"6.43""",1080x2400 pixels,2160p,3,64 MP,8 MP,2 MP,,64 MP,13MP,Yes,LTE,https://www.gsmarena.com/xiaomi_poco_m5s-11832.php
Samsung,Samsung Galaxy S23,,"2023, February 17",11.290.000đ,24.990.000đ,a_like_new ,8 GB,256 GB,3900,Android 13,Snapdragon 8 Gen 2,"6.1""",1080x2340 pixels,4320p,3,50 MP,12 MP,,10 MP,50 MP,12MP,Yes,5G,https://www.gsmarena.com/samsung_galaxy_s23-12082.php
Xiaomi,Xiaomi Redmi Note 13 Pro,,"2023, September 21",4.290.000đ,7.290.000đ,a_old ,8 GB,128 GB,5100,Android 13,Snapdragon 7s Gen 2,"6.67""",1220x2712 pixels,2160p,3,200 MP,8 MP,2 MP,,200 MP,16MP,Yes,5G,https://www.gsmarena.com/xiaomi_redmi_note_13_pro-12581.php
Samsung,Samsung Galaxy M14,,"2023, March 08",3.090.000đ,5.290.000đ,a_new ,4 GB,128 GB,6000,Android 13,Exynos 1330,"6.6""",1080x2408 pixels,1080p,2,50 MP,,2 MP,,50 MP,13MP,,5G,https://www.gsmarena.com/samsung_galaxy_m14-12160.php
Tecno,Tecno Spark 10 Pro,,"2023, March 22",2.390.000đ,3.990.000đ,a_old ,8 GB,128 GB,5000,Android 13,Helio G88,"6.8""",1080x2460 pixels,1440p,1,50 MP,,,,50 MP,32MP,,LTE,https://www.gsmarena.com/tecno_spark_10_pro-12156.php
Vivo,Vivo Y36 5G,,"2023, June 13",Giá Liên Hệ,5.190.000đ,a_old ,8 GB,128 GB,5000,Android 13,Dimensity 6020,"6.64""",1080x2388 pixels,1080p,1,50 MP,,,,50 MP,16MP,Yes,5G,https://www.gsmarena.com/vivo_y36_5g-12375.php
Nokia,Nokia T20,,"2021, November 02",2.090.000đ,6.290.000đ,a_old ,4 GB,64 GB,8200,Android 11,Unisoc T610,"10.4""",1200x2000 pixels,1080p,0,,,,,,5MP,Yes,LTE,https://www.gsmarena.com/nokia_t20-11142.php
Xiaomi,Xiaomi Redmi Note 11 Pro 5G,,"2022, February 18",4.090.000đ,8.990.000đ,a_like_new ,8 GB,128 GB,5000,Android 11,Snapdragon 695 5G,"6.67""",1080x2400 pixels,1080p,3,108 MP,8 MP,2 MP,,108 MP,16MP,Yes,5G,https://www.gsmarena.com/xiaomi_redmi_note_11_pro_5g-11333.php
Samsung,Samsung Galaxy S22 5G,,"2022, February 25",7.290.000đ,21.990.000đ,a_old ,8 GB,128 GB,3700,Android 12,Exynos 2200,"6.1""",1080x2340 pixels,4320p,3,50 MP,12 MP,,10 MP,50 MP,10MP,Yes,5G,https://www.gsmarena.com/samsung_galaxy_s22_5g-11253.php
Samsung,Samsung Galaxy Z Flip4,,"2022, August 25",8.990.000đ,23.990.000đ,a_new ,8 GB,128 GB,3700,Android 12,Snapdragon 8+ Gen 1,"6.7""",1080x2640 pixels,2160p,2,12 MP,12 MP,,,12 MP,10MP,Yes,5G,https://www.gsmarena.com/samsung_galaxy_z_flip4-11538.php
Samsung,Samsung Galaxy S22+ 5G,,"2022, February 25",8.190.000đ,25.990.000đ,a_old ,8 GB,128 GB,4500,Android 12,Exynos 2200,"6.6""",1080x2340 pixels,4320p,3,50 MP,12 MP,,10 MP,50 MP,10MP,Yes,5G,https://www.gsmarena.com/samsung_galaxy_s22+_5g-11252.php
Samsung,Samsung Galaxy A35,,"2024, March 15",5.290.000đ,8.290.000đ,a_old ,8 GB,128 GB,5000,Android 14,Exynos 1380,"6.6""",1080x2340 pixels,2160p,3,50 MP,8 MP,5 MP,,50 MP,13MP,Yes,5G,https://www.gsmarena.com/samsung_galaxy_a35-12705.php
Samsung,Samsung Galaxy A15 5G,,"2023, December 16",3.890.000đ,4.990.000đ,a_new ,8 GB,256 GB,5000,Android 14,Dimensity 6100+,"6.5""",1080x2340 pixels,1080p,3,50 MP,5 MP,2 MP,,50 MP,13MP,,5G,https://www.gsmarena.com/samsung_galaxy_a15_5g-12638.php
Apple,Apple iPhone 12 Pro Max,,"2020, November 13",15.290.000đ,28.990.000đ,a_like_new ,6 GB,128 GB,3687,iOS 14.1,Apple A14 Bionic,"6.7""",1284x2778 pixels,2160p,3,12 MP,12 MP,,12 MP,12 MP,12MP,Yes,5G,https://www.gsmarena.com/apple_iphone_12_pro_max-10237.php
Apple,Apple iPhone 15 Pro Max,,"2023, September 22",Giá Liên Hệ,40.990.000đ,a_new ,8 GB,512 GB,4441,iOS 17,Apple A17 Pro,"6.7""",1290x2796 pixels,2160p,3,48 MP,12 MP,,12 MP,48 MP,12MP,Yes,5G,https://www.gsmarena.com/apple_iphone_15_pro_max-12548.php
Samsung,Samsung Galaxy A15 5G,,"2023, December 16",3.490.000đ,4.990.000đ,a_like_new ,8 GB,256 GB,5000,Android 14,Dimensity 6100+,"6.5""",1080x2340 pixels,1080p,3,50 MP,5 MP,2 MP,,50 MP,13MP,,5G,https://www.gsmarena.com/samsung_galaxy_a15_5g-12638.php
Samsung,Samsung Galaxy S23 FE,,"2023, October 05",9.490.000đ,14.890.000đ,a_new ,8 GB,128 GB,4500,Android 13,Exynos 2200,"6.4""",1080x2340 pixels,4320p,3,50 MP,12 MP,,8 MP,50 MP,10MP,Yes,5G,https://www.gsmarena.com/samsung_galaxy_s23_fe-12520.php
Samsung,Samsung Galaxy A05s,,"2023, October 18",2.990.000đ,3.990.000đ,a_like_new ,6 GB,128 GB,5000,Android 13,Snapdragon 680 4G,"6.7""",1080x2400 pixels,1080p,2,50 MP,,2 MP,,50 MP,13MP,,LTE,https://www.gsmarena.com/samsung_galaxy_a05s-12584.php
Oppo,Oppo A73 5G,,"2020, November 4",2.690.000đ,5.490.000đ,a_old ,6 GB,128 GB,4040,Android 10,Dimensity 720,"6.5""",1080x2400 pixels,1080p,2,16 MP,8 MP,,,16 MP,8MP,,5G,https://www.gsmarena.com/oppo_a73_5g-10499.php
Oppo,Oppo A96,,"2022, March 16",2.990.000đ,6.990.000đ,a_old ,8 GB,128 GB,5000,Android 11,Snapdragon 680 4G,"6.59""",1080x2412 pixels,1080p,1,50 MP,,,,50 MP,16MP,Yes,LTE,https://www.gsmarena.com/oppo_a96-11434.php
Samsung,Samsung Galaxy M14,,"2023, March 08",Giá Liên Hệ,5.290.000đ,a_old ,4 GB,128 GB,6000,Android 13,Exynos 1330,"6.6""",1080x2408 pixels,1080p,2,50 MP,,2 MP,,50 MP,13MP,,5G,https://www.gsmarena.com/samsung_galaxy_m14-12160.php
Samsung,Samsung Galaxy A53 5G,,"2022, March 24",4.090.000đ,9.990.000đ,a_old ,8 GB,128 GB,5000,Android 12,Exynos 1280,"6.5""",1080x2400 pixels,2160p,3,64 MP,12 MP,5 MP,,64 MP,32MP,Yes,5G,https://www.gsmarena.com/samsung_galaxy_a53_5g-11268.php
Samsung,Samsung Galaxy M14,,"2023, March 08",3.390.000đ,5.290.000đ,a_old ,4 GB,128 GB,6000,Android 13,Exynos 1330,"6.6""",1080x2408 pixels,1080p,2,50 MP,,2 MP,,50 MP,13MP,,5G,https://www.gsmarena.com/samsung_galaxy_m14-12160.php
Realme,Realme C20,,"2021, January 19",890.000đ,2.690.000đ,a_old ,2 GB,32 GB,5000,Android 10,Helio G35,"6.5""",720x1600 pixels,1080p,1,8 MP,,,,8 MP,5MP,Yes,LTE,https://www.gsmarena.com/realme_c20-10690.php
Xiaomi,Xiaomi Redmi 10 5G,,"2022, September 23",1.890.000đ,3.650.000đ,a_old ,4 GB,64 GB,5000,Android 12,Dimensity 700,"6.58""",1080x2408 pixels,1080p,1,50 MP,,,,50 MP,5MP,,5G,https://www.gsmarena.com/xiaomi_redmi_10_5g-11425.php
Vivo,Vivo X80 Pro,,"2022, April 29",8.390.000đ,29.990.000đ,a_old ,12 GB,256 GB,4700,Android 12,Snapdragon 8 Gen 1,"6.78""",1440x3200 pixels,4320p,4,50 MP,48 MP,,12 MP,50 MP,32MP,Yes,5G,https://www.gsmarena.com/vivo_x80_pro-11407.php
Tecno,Tecno Spark 10 Pro,,"2023, March 22",2.090.000đ,4.490.000đ,a_old ,8 GB,256 GB,5000,Android 13,Helio G88,"6.8""",1080x2460 pixels,1440p,1,50 MP,,,,50 MP,32MP,,LTE,https://www.gsmarena.com/tecno_spark_10_pro-12156.php
Xiaomi,Xiaomi Redmi A3,,"2024, February 23",1.790.000đ,2.990.000đ,a_old ,4 GB,128 GB,5000,Android 14,Helio G36,"6.71""",720x1650 pixels,1080p,1,8 MP,,,,8 MP,5MP,,LTE,https://www.gsmarena.com/xiaomi_redmi_a3-12822.php
Oppo,Oppo A18,,"2023, October 05",2.290.000đ,3.990.000đ,a_like_new ,4 GB,64 GB,5000,Android 13,Helio G85,"6.56""",720x1612 pixels,1080p,1,8 MP,,,,8 MP,5MP,Yes,LTE,https://www.gsmarena.com/oppo_a18-12591.php
Xiaomi,Xiaomi Redmi Note 11 Pro 5G,,"2022, February 18",3.690.000đ,8.990.000đ,a_old ,8 GB,128 GB,5000,Android 11,Snapdragon 695 5G,"6.67""",1080x2400 pixels,1080p,3,108 MP,8 MP,2 MP,,108 MP,16MP,Yes,5G,https://www.gsmarena.com/xiaomi_redmi_note_11_pro_5g-11333.php
Apple,Apple iPhone 15 Pro,,"2023, September 22",Giá Liên Hệ,31.990.000đ,a_new ,8 GB,256 GB,3274,iOS 17,Apple A17 Pro,"6.1""",1179x2556 pixels,2160p,3,48 MP,12 MP,,12 MP,48 MP,12MP,Yes,5G,https://www.gsmarena.com/apple_iphone_15_pro-12557.php
Samsung,Samsung Galaxy Z Flip4,,"2022, August 25",7.890.000đ,25.990.000đ,a_old ,8 GB,256 GB,3700,Android 12,Snapdragon 8+ Gen 1,"6.7""",1080x2640 pixels,2160p,2,12 MP,12 MP,,,12 MP,10MP,Yes,5G,https://www.gsmarena.com/samsung_galaxy_z_flip4-11538.php
Xiaomi,Xiaomi Mi 11 Lite 5G,,"2021, April 16",4.290.000đ,9.490.000đ,a_old ,6 GB,128 GB,4250,Android 11,Snapdragon 780G,"6.55""",1080x2400 pixels,2160p,3,64 MP,8 MP,5 MP,,64 MP,20MP,Yes,5G,https://www.gsmarena.com/xiaomi_mi_11_lite_5g-10815.php
Nokia,Nokia 215,,"2015, May",450.000đ,960.000đ,a_old ,,128 MB,1100,Feature phone,,"2.4""",240x320 pixels,240p,0,,,,,,No,Yes,GSM,https://www.gsmarena.com/nokia_215-6910.php
Samsung,Samsung Galaxy Z Fold3 5G,,"2021, August 27",13.490.000đ,44.990.000đ,a_like_new ,12 GB,512 GB,4400,Android 11,Snapdragon 888 5G,"7.6""",1768x2208 pixels,2160p,3,12 MP,12 MP,,12 MP,12 MP,4MP,Yes,5G,https://www.gsmarena.com/samsung_galaxy_z_fold3_5g-10906.php
Oppo,Oppo A95,,"2021, November 16",2.890.000đ,6.990.000đ,a_old ,8 GB,128 GB,5000,Android 11,Snapdragon 662,"6.43""",1080x2400 pixels,1080p,2,48 MP,,2 MP,,48 MP,16MP,,LTE,https://www.gsmarena.com/oppo_a95-11195.php
Vivo,Vivo Y12s,,"2020, November 16",1.990.000đ,3.290.000đ,a_like_new ,3 GB,32 GB,5000,Android 10,Helio P35,"6.51""",720x1600 pixels,1080p,1,13 MP,,,,13 MP,8MP,,LTE,https://www.gsmarena.com/vivo_y12s-10602.php
Xiaomi,Xiaomi Redmi Note 10 Pro,,"2021, March 24",3.290.000đ,7.490.000đ,a_old ,8 GB,128 GB,5020,Android 11,Snapdragon 732G,"6.67""",1080x2400 pixels,2160p,3,108 MP,8 MP,5 MP,,108 MP,16MP,Yes,LTE,https://www.gsmarena.com/xiaomi_redmi_note_10_pro-10662.php
Apple,Apple iPhone 14,,"2022, September 16",18.590.000đ,25.990.000đ,a_new ,6 GB,256 GB,3279,iOS 16,Apple A15 Bionic,"6.1""",1170x2532 pixels,2160p,2,12 MP,12 MP,,,12 MP,12MP,Yes,5G,https://www.gsmarena.com/apple_iphone_14-11861.php
Infinix,Infinix Hot 40i,,"2023, December",1.590.000đ,2.390.000đ,a_like_new ,4 GB,128 GB,5000,Android 13,Unisoc T606,"6.56""",720x1612 pixels,1080p,1,50 MP,,,,50 MP,32MP,,LTE,https://www.gsmarena.com/infinix_hot_40i-12731.php
Xiaomi,Xiaomi Redmi Note 12S,,"2023, April 26",3.590.000đ,6.690.000đ,a_like_new ,8 GB,256 GB,5000,Android 13,Helio G96,"6.43""",1080x2400 pixels,1080p,3,108 MP,8 MP,2 MP,,108 MP,16MP,,LTE,https://www.gsmarena.com/xiaomi_redmi_note_12s-12218.php
Samsung,Samsung Galaxy A03,,"2022, January 21",1.390.000đ,2.990.000đ,a_like_new ,3 GB,32 GB,5000,Android 11,Unisoc T606,"6.5""",720x1600 pixels,1080p,1,48 MP,,,,48 MP,5MP,,LTE,https://www.gsmarena.com/samsung_galaxy_a03-11244.php
Realme,Realme C51,,"2023, August",2.690.000đ,4.490.000đ,a_like_new ,6 GB,256 GB,5000,Android 13,Unisoc Tiger T612,"6.74""",720x1600 pixels,1080p,1,50 MP,,,,50 MP,5MP,,LTE,https://www.gsmarena.com/realme_c51-12527.php
Oppo,Oppo Reno7,,"2022, April 02",3.190.000đ,7.990.000đ,a_old ,8 GB,128 GB,4500,Android 12,Snapdragon 680 4G,"6.43""",1080x2400 pixels,1080p,1,64 MP,,,,64 MP,32MP,Yes,LTE,https://www.gsmarena.com/oppo_reno7-11448.php
Apple,Apple iPhone XS Max,,"2018, September 21",6.590.000đ,25.000.000đ,a_old ,4 GB,64 GB,3174,iOS 12,Apple A12 Bionic,"6.5""",1242x2688 pixels,2160p,2,12 MP,,,12 MP,12 MP,7MP,Yes,LTE,https://www.gsmarena.com/apple_iphone_xs_max-9319.php
Vivo,Vivo X70 Pro,,"2021, September 17",8.390.000đ,19.990.000đ,a_like_new ,12 GB,256 GB,4450,Android 11,Dimensity 1200,"6.56""",1080x2376 pixels,2160p,4,50 MP,12 MP,,12 MP,50 MP,32MP,,5G,https://www.gsmarena.com/vivo_x70_pro-11085.php
Infinix,Infinix Hot 30i,,"2023, March 31",1.690.000đ,3.290.000đ,a_like_new ,8GB,128 GB,5000,Android 12,Unisoc T606,"6.56""",720x1612 pixels,1080p,1,13 MP,,,,13 MP,8MP,,LTE,https://www.gsmarena.com/infinix_hot_30i-12216.php
Samsung,Samsung Galaxy A05,,"2023, October 15",2.390.000đ,3.090.000đ,a_like_new ,6 GB,128 GB,5000,Android 13,Helio G85,"6.7""",720x1600 pixels,1080p,1,50 MP,,,,50 MP,8MP,,LTE,https://www.gsmarena.com/samsung_galaxy_a05-12583.php
Apple,Apple iPhone 14 Pro,,"2022, September 16",Giá Liên Hệ,27.990.000đ,a_new ,6 GB,128 GB,3200,iOS 16,Apple A16 Bionic,"6.1""",1179x2556 pixels,2160p,3,48 MP,12 MP,,12 MP,48 MP,12MP,Yes,5G,https://www.gsmarena.com/apple_iphone_14_pro-11860.php
Samsung,Samsung Galaxy A05s,,"2023, October 18",2.790.000đ,3.990.000đ,a_old ,6 GB,128 GB,5000,Android 13,Snapdragon 680 4G,"6.7""",1080x2400 pixels,1080p,2,50 MP,,2 MP,,50 MP,13MP,,LTE,https://www.gsmarena.com/samsung_galaxy_a05s-12584.php
Realme,Realme C21Y,,"2021, July 02",1.990.000đ,4.290.000đ,a_old ,4 GB,64 GB,5000,Android 10/ Android 11,Unisoc T610,"6.5""",720x1600 pixels,1080p,2,13 MP,,2 MP,,13 MP,5MP,,LTE,https://www.gsmarena.com/realme_c21y-10999.php
Samsung,Samsung Galaxy A05,,"2023, October 15",1.790.000đ,3.090.000đ,a_old ,6 GB,128 GB,5000,Android 13,Helio G85,"6.7""",720x1600 pixels,1080p,1,50 MP,,,,50 MP,8MP,,LTE,https://www.gsmarena.com/samsung_galaxy_a05-12583.php
Vivo,Vivo Y35 5G,,"2022, December 09",2.890.000đ,6.990.000đ,a_old ,8GB,128 GB,5000,Android 13,Dimensity 700,"6.51""",720x1600 pixels,1080p,2,13 MP,,2 MP,,13 MP,5MP,,5G,https://www.gsmarena.com/vivo_y35_5g-12019.php
Xiaomi,Xiaomi Redmi 10C,,"2022, March 23",1.690.000đ,3.890.000đ,a_like_new ,4 GB,64 GB,5000,Android 11,Snapdragon 680 4G,"6.71""",720x1650 pixels,1080p,1,50 MP,,,,50 MP,5MP,,LTE,https://www.gsmarena.com/xiaomi_redmi_10c-11418.php
Samsung,Samsung Galaxy A05,,"2023, October 15",Giá Liên Hệ,3.090.000đ,a_old ,4 GB,128 GB,5000,Android 13,Helio G85,"6.7""",720x1600 pixels,1080p,1,50 MP,,,,50 MP,8MP,,LTE,https://www.gsmarena.com/samsung_galaxy_a05-12583.php
Samsung,Samsung Galaxy A05s,,"2023, October 18",2.090.000đ,3.990.000đ,a_old ,4 GB,128 GB,5000,Android 13,Snapdragon 680 4G,"6.7""",1080x2400 pixels,1080p,2,50 MP,,2 MP,,50 MP,13MP,,LTE,https://www.gsmarena.com/samsung_galaxy_a05s-12584.php
Oppo,Oppo Reno12 F,,"2024, July",8.190.000đ,9.490.000đ,a_new ,12 GB,256 GB,5000,Android 14,Dimensity 6300,"6.67""",1080x2400 pixels,1080p,3,50 MP,8 MP,2 MP,,50 MP,32MP,Yes,5G,https://www.gsmarena.com/oppo_reno12_f-13182.php
Samsung,Samsung Galaxy S23 Ultra,,"2023, February 17",18.790.000đ,31.990.000đ,a_new ,8 GB,256 GB,5000,Android 13,Snapdragon 8 Gen 2,"6.8""",1440x3088 pixels,4320p,4,200 MP,12 MP,,10 MP,200 MP,12MP,Yes,5G,https://www.gsmarena.com/samsung_galaxy_s23_ultra-12024.php
Zte,Zte Blade A72 5G,,"2022, June 10",1.090.000đ,2.490.000đ,a_old ,3 GB,128 GB,4000,Android 11,Dimensity 700,"6.52""",720x1600 pixels,1080p,2,13 MP,,2 MP,,13 MP,5MP,,5G,https://www.gsmarena.com/zte_blade_a72_5g-11958.php
Xiaomi,Xiaomi 13T Pro,,"2023, September 26",10.290.000đ,16.990.000đ,a_like_new ,12 GB,256 GB,5000,Android 13,Dimensity 9200+,"6.67""",1220x2712 pixels,4320p,3,50 MP,12 MP,,50 MP,50 MP,20MP,Yes,5G,https://www.gsmarena.com/xiaomi_13t_pro-12388.php
Samsung,Samsung Galaxy A30s,,"2019, September 11",3.000.000đ,6.290.000đ,a_like_new ,4 GB,64 GB,4000,Android 9.0,Exynos 7904,"6.4""",720x1560 pixels,1080p,2,25 MP,8 MP,,,25 MP,16MP,,LTE,https://www.gsmarena.com/samsung_galaxy_a30s-9796.php
Samsung,Samsung Galaxy A55,,"2024, March 15",7.590.000đ,9.990.000đ,a_like_new ,8 GB,256 GB,5000,Android 14,Exynos 1480,"6.6""",1080x2340 pixels,2160p,3,50 MP,12 MP,5 MP,,50 MP,32MP,Yes,5G,https://www.gsmarena.com/samsung_galaxy_a55-12824.php
Samsung,Samsung Galaxy A12,,"2020, December 21",1.590.000đ,4.290.000đ,a_old ,4 GB,128 GB,5000,Android 10,Helio P35,"6.5""",720x1600 pixels,1080p,3,48 MP,5 MP,2 MP,,48 MP,8MP,,LTE,https://www.gsmarena.com/samsung_galaxy_a12-10604.php
